-- MySQL dump 10.13  Distrib 8.0.23, for Win64 (x86_64)
--
-- Host: 127.0.0.1    Database: library
-- ------------------------------------------------------
-- Server version	5.7.24

/*!40101 SET @OLD_CHARACTER_SET_CLIENT=@@CHARACTER_SET_CLIENT */;
/*!40101 SET @OLD_CHARACTER_SET_RESULTS=@@CHARACTER_SET_RESULTS */;
/*!40101 SET @OLD_COLLATION_CONNECTION=@@COLLATION_CONNECTION */;
/*!50503 SET NAMES utf8 */;
/*!40103 SET @OLD_TIME_ZONE=@@TIME_ZONE */;
/*!40103 SET TIME_ZONE='+00:00' */;
/*!40014 SET @OLD_UNIQUE_CHECKS=@@UNIQUE_CHECKS, UNIQUE_CHECKS=0 */;
/*!40014 SET @OLD_FOREIGN_KEY_CHECKS=@@FOREIGN_KEY_CHECKS, FOREIGN_KEY_CHECKS=0 */;
/*!40101 SET @OLD_SQL_MODE=@@SQL_MODE, SQL_MODE='NO_AUTO_VALUE_ON_ZERO' */;
/*!40111 SET @OLD_SQL_NOTES=@@SQL_NOTES, SQL_NOTES=0 */;

--
-- Table structure for table `book_info`
--

DROP TABLE IF EXISTS `book_info`;
/*!40101 SET @saved_cs_client     = @@character_set_client */;
/*!50503 SET character_set_client = utf8mb4 */;
CREATE TABLE `book_info` (
  `id` int(11) NOT NULL AUTO_INCREMENT,
  `state` int(11) DEFAULT NULL,
  `type` int(11) DEFAULT NULL,
  `name` varchar(50) DEFAULT NULL,
  `isbn` varchar(20) DEFAULT NULL,
  `create_time` datetime DEFAULT NULL,
  `publish_time` datetime DEFAULT NULL,
  `author` varchar(20) DEFAULT NULL,
  `updator` int(11) DEFAULT NULL,
  `price` float unsigned DEFAULT NULL,
  `gist` varchar(5000) DEFAULT NULL,
  PRIMARY KEY (`id`),
  KEY `type` (`type`),
  KEY `updator` (`updator`),
  CONSTRAINT `book_info_ibfk_1` FOREIGN KEY (`type`) REFERENCES `book_type` (`id`),
  CONSTRAINT `book_info_ibfk_2` FOREIGN KEY (`updator`) REFERENCES `user` (`id`)
) ENGINE=InnoDB AUTO_INCREMENT=52 DEFAULT CHARSET=utf8;
/*!40101 SET character_set_client = @saved_cs_client */;

--
-- Dumping data for table `book_info`
--

LOCK TABLES `book_info` WRITE;
/*!40000 ALTER TABLE `book_info` DISABLE KEYS */;
INSERT INTO `book_info` VALUES (40,1,54,'Java从入门到精通','9787302581260','2022-03-06 14:54:14','2022-03-06 14:54:14','明日科技',1,79.8,NULL),(41,1,54,'鸟哥的Linux私房菜 基础学习篇','9787115472588','2022-03-06 15:04:05','2022-03-06 15:04:05','鸟哥',1,118,NULL),(42,-1,54,'鸟哥的Linux私房菜 基础学习篇','9787115472588','2022-03-06 15:06:14','2022-03-06 15:06:14','鸟哥',1,118,'畅销Linux入门书升级版 鸟哥教你从入门到精通 适用Linux系统应用和开发及运维的人员 涵盖linux内核 命令行 嵌入式 Shell与Shell Scripts技巧精粹 基于CentOS 7.x'),(43,-1,54,'鸟哥的Linux私房菜 基础学习篇','9787302581260','2022-03-06 15:08:18','2022-03-06 15:08:18','鸟哥',1,118,'畅销Linux入门书升级版 鸟哥教你从入门到精通 适用Linux系统应用和开发及运维的人员 涵盖linux内核 命令行 嵌入式 Shell与Shell Scripts技巧精粹 基于CentOS 7.x'),(44,0,9,'肖申克的救赎','9787020054985','2022-03-06 15:24:15','2022-03-06 15:24:15','斯蒂芬·金（著）施寄青（译）',1,29.9,'　　《肖申克的救赎》是斯蒂芬·金最为人精精乐道的杰出代表作，收入了他的四部中篇小说。其英文版一经推出，即登上《纽约时报》畅销书排行榜的冠军之位，当年在美国狂销二十八万册。目前，这《肖申克的救赎》已经被翻译成三十一种语言，同时创下了收录的四篇小说中有三篇被改编成轰动一时的电影的记录。其中最为人精精乐道的便是曾获奥斯卡奖七项提名、被称为电影史上最完美影片的《肖申克救赎》（又译《刺激一九九五》）。这部小说展现了斯蒂芬·金于擅长的惊悚题材之外的过人功力。书中的另两篇小说《纳粹高徒》与《尸体》拍成电影后也赢得了很好的口碑。其中《尸体》还被视为斯蒂芬·金具自传色彩的作品。'),(45,0,21,'鸟哥的Linux私房菜 基础学习篇','9787115472588','2022-03-06 15:29:41','2022-03-06 15:29:41','鸟哥',1,118,'畅销Linux入门书升级版 鸟哥教你从入门到精通 适用Linux系统应用和开发及运维的人员 涵盖linux内核 命令行 嵌入式 Shell与Shell Scripts技巧精粹 基于CentOS 7.x'),(46,0,21,'鸟哥的Linux私房菜 基础学习篇','9787115472588','2022-03-06 15:34:06','2022-03-06 15:34:06','鸟哥',1,118,'畅销Linux入门书升级版 鸟哥教你从入门到精通 适用Linux系统应用和开发及运维的人员 涵盖linux内核 命令行 嵌入式 Shell与Shell Scripts技巧精粹 基于CentOS 7.x'),(47,0,21,'鸟哥的Linux私房菜 基础学习篇','9787115472588','2022-03-06 15:35:15','2022-03-06 15:35:15','鸟哥',1,118,'畅销Linux入门书升级版 鸟哥教你从入门到精通 适用Linux系统应用和开发及运维的人员 涵盖linux内核 命令行 嵌入式 Shell与Shell Scripts技巧精粹 基于CentOS 7.x'),(48,0,54,'四级词汇词根+联想记忆法:乱序版 cet4 大学英语四级词汇书 俞敏洪 赠精美笔记本【新东方专营店】','9787511041203','2022-03-06 16:03:56','2022-03-06 16:03:56','俞敏洪',1,48,'《四级词汇词根 联想记忆法：乱序版》是俞敏洪老师编著的经典 词根 联想 系列词汇书之一，已陪伴数百万名考生走过备战四级的岁月，广受读者欢迎。 英语四级考试大纲要求考生掌握4000余个词汇以及相关词组，本书囊括四级新大纲词表所有新增词，删除新大纲词表中已经删除的词汇，紧跟新大纲改革趋势，匹配新版考试大纲词表。打破常规的按字母顺序排列单词的方式，以乱序编排带来学习的新体验。按照听力题型调整要求，本书总结归纳了四级新闻核心词汇，帮助考生从容应对新题型。编者还悉心整理了易考到的超纲单词、熟词僻义表、中学已学单词及词组、不规则动词表，总词汇量已远远超出大纲要求，能帮助广大考生从容应对四级考试中的各个题型，取得满意的成绩。 本书主体部分的核心单词分为35个学习单元，考生可依据自身情况合理安排进度，'),(49,0,9,'灰尘的旅行 ','9787513928663','2022-03-07 22:23:42','2022-03-07 22:23:42','高士其',1,24.8,'无'),(50,0,19,'肖申克的救赎','9787020054985','2022-07-12 02:23:22','2022-07-12 02:23:22','斯蒂芬·金（著）施寄青（译）',1,29.9,'　　《肖申克的救赎》是斯蒂芬·金最为人精精乐道的杰出代表作，收入了他的四部中篇小说。其英文版一经推出，即登上《纽约时报》畅销书排行榜的冠军之位，当年在美国狂销二十八万册。目前，这《肖申克的救赎》已经被翻译成三十一种语言，同时创下了收录的四篇小说中有三篇被改编成轰动一时的电影的记录。其中最为人精精乐道的便是曾获奥斯卡奖七项提名、被称为电影史上最完美影片的《肖申克救赎》（又译《刺激一九九五》）。这部小说展现了斯蒂芬·金于擅长的惊悚题材之外的过人功力。书中的另两篇小说《纳粹高徒》与《尸体》拍成电影后也赢得了很好的口碑。其中《尸体》还被视为斯蒂芬·金具自传色彩的作品。'),(51,0,14,'肖申克的救赎','9787020054985','2022-07-12 02:54:36','2022-07-12 02:54:36','斯蒂芬·金（著）施寄青（译）',1,29.9,'　　《肖申克的救赎》是斯蒂芬·金最为人精精乐道的杰出代表作，收入了他的四部中篇小说。其英文版一经推出，即登上《纽约时报》畅销书排行榜的冠军之位，当年在美国狂销二十八万册。目前，这《肖申克的救赎》已经被翻译成三十一种语言，同时创下了收录的四篇小说中有三篇被改编成轰动一时的电影的记录。其中最为人精精乐道的便是曾获奥斯卡奖七项提名、被称为电影史上最完美影片的《肖申克救赎》（又译《刺激一九九五》）。这部小说展现了斯蒂芬·金于擅长的惊悚题材之外的过人功力。书中的另两篇小说《纳粹高徒》与《尸体》拍成电影后也赢得了很好的口碑。其中《尸体》还被视为斯蒂芬·金具自传色彩的作品。');
/*!40000 ALTER TABLE `book_info` ENABLE KEYS */;
UNLOCK TABLES;

--
-- Table structure for table `book_type`
--

DROP TABLE IF EXISTS `book_type`;
/*!40101 SET @saved_cs_client     = @@character_set_client */;
/*!50503 SET character_set_client = utf8mb4 */;
CREATE TABLE `book_type` (
  `id` int(11) NOT NULL AUTO_INCREMENT,
  `name` varchar(30) DEFAULT NULL,
  PRIMARY KEY (`id`)
) ENGINE=InnoDB AUTO_INCREMENT=56 DEFAULT CHARSET=utf8;
/*!40101 SET character_set_client = @saved_cs_client */;

--
-- Dumping data for table `book_type`
--

LOCK TABLES `book_type` WRITE;
/*!40000 ALTER TABLE `book_type` DISABLE KEYS */;
INSERT INTO `book_type` VALUES (1,'哲学'),(2,'宗教'),(3,'伦理'),(4,'逻辑'),(5,'美学'),(6,'心理'),(7,'语言'),(8,'文学'),(9,'艺术'),(10,'政治'),(11,'经济'),(12,'军事'),(13,'法律'),(14,'教育'),(15,'体育'),(16,'传媒'),(17,'咨询'),(18,'管理'),(19,'商贸'),(20,'历史'),(21,'考古'),(22,'名族'),(23,'生活'),(24,'财金'),(25,'统计'),(26,'社会'),(27,'天文'),(28,'地理'),(29,'数学'),(30,'物理'),(31,'化学'),(32,'生物'),(33,'机械'),(34,'电信'),(35,'水利'),(36,'电力'),(37,'纺织'),(38,'食品'),(39,'建筑'),(40,'矿山'),(41,'治金'),(42,'能源'),(43,'交通'),(44,'航天'),(45,'医学'),(46,'工学'),(47,'农学'),(48,'林学'),(49,'养殖'),(50,'电脑'),(51,'环保'),(52,'信息'),(53,'学术'),(54,'教学'),(55,'帮助');
/*!40000 ALTER TABLE `book_type` ENABLE KEYS */;
UNLOCK TABLES;

--
-- Table structure for table `borrow_book`
--

DROP TABLE IF EXISTS `borrow_book`;
/*!40101 SET @saved_cs_client     = @@character_set_client */;
/*!50503 SET character_set_client = utf8mb4 */;
CREATE TABLE `borrow_book` (
  `id` int(11) NOT NULL AUTO_INCREMENT,
  `book_info_id` int(11) DEFAULT NULL,
  `user_id` int(11) DEFAULT NULL,
  `start_time` datetime DEFAULT NULL,
  `deadline` datetime DEFAULT NULL,
  `state` int(11) DEFAULT NULL,
  `add_time` datetime DEFAULT NULL,
  `gain` float DEFAULT NULL,
  `is_delay` int(11) DEFAULT '0',
  PRIMARY KEY (`id`),
  KEY `book_info_id` (`book_info_id`),
  KEY `user_id` (`user_id`),
  CONSTRAINT `borrow_book_ibfk_1` FOREIGN KEY (`book_info_id`) REFERENCES `book_info` (`id`),
  CONSTRAINT `borrow_book_ibfk_2` FOREIGN KEY (`user_id`) REFERENCES `user` (`id`)
) ENGINE=InnoDB AUTO_INCREMENT=61 DEFAULT CHARSET=utf8;
/*!40101 SET character_set_client = @saved_cs_client */;

--
-- Dumping data for table `borrow_book`
--

LOCK TABLES `borrow_book` WRITE;
/*!40000 ALTER TABLE `borrow_book` DISABLE KEYS */;
INSERT INTO `borrow_book` VALUES (53,40,12,'2022-03-06 15:42:55','2022-04-05 15:42:55',0,'2022-03-06 15:42:55',NULL,0),(54,41,12,'2022-03-06 15:42:55','2022-04-05 15:42:55',0,'2022-03-06 15:42:55',NULL,0),(55,43,1,'2022-03-06 15:45:56','2022-04-05 15:45:56',1,'2022-03-06 15:45:56',0,0),(56,43,1,'2022-03-06 15:48:53','2022-05-05 15:48:53',1,'2022-03-06 15:48:53',118,1),(57,44,1,'2022-03-06 15:55:21','2022-04-05 15:55:21',1,'2022-03-06 15:55:21',0,0),(58,45,1,'2022-03-06 15:55:21','2022-05-05 15:55:21',1,'2022-03-06 15:55:21',10,1),(59,42,1,'2022-03-06 15:55:21','2022-04-05 15:55:21',1,'2022-03-06 15:55:21',118,0),(60,44,1,'2022-03-06 15:59:12','2022-04-05 15:59:12',1,'2022-03-06 15:59:12',0,0);
/*!40000 ALTER TABLE `borrow_book` ENABLE KEYS */;
UNLOCK TABLES;

--
-- Table structure for table `class`
--

DROP TABLE IF EXISTS `class`;
/*!40101 SET @saved_cs_client     = @@character_set_client */;
/*!50503 SET character_set_client = utf8mb4 */;
CREATE TABLE `class` (
  `id` int(11) NOT NULL AUTO_INCREMENT,
  `name` varchar(20) DEFAULT NULL,
  `year` int(11) DEFAULT NULL,
  `state` int(11) DEFAULT NULL,
  `grade` int(11) DEFAULT NULL,
  PRIMARY KEY (`id`),
  KEY `grade` (`grade`),
  CONSTRAINT `class_ibfk_1` FOREIGN KEY (`grade`) REFERENCES `grade` (`id`)
) ENGINE=InnoDB AUTO_INCREMENT=61 DEFAULT CHARSET=utf8;
/*!40101 SET character_set_client = @saved_cs_client */;

--
-- Dumping data for table `class`
--

LOCK TABLES `class` WRITE;
/*!40000 ALTER TABLE `class` DISABLE KEYS */;
INSERT INTO `class` VALUES (1,'1',2022,0,1),(2,'2',2022,0,1),(3,'3',2022,0,1),(4,'4',2022,0,1),(5,'5',2022,0,1),(6,'6',2022,0,1),(7,'7',2022,0,1),(8,'8',2022,0,1),(9,'9',2022,0,1),(10,'10',2022,0,1),(11,'1',2022,0,2),(12,'2',2022,0,2),(13,'3',2022,0,2),(14,'4',2022,0,2),(15,'5',2022,0,2),(16,'6',2022,0,2),(17,'7',2022,0,2),(18,'8',2022,0,2),(19,'9',2022,0,2),(20,'10',2022,0,2),(21,'1',2022,0,3),(22,'2',2022,0,3),(23,'3',2022,0,3),(24,'4',2022,0,3),(25,'5',2022,0,3),(26,'6',2022,0,3),(27,'7',2022,0,3),(28,'8',2022,0,3),(29,'9',2022,0,3),(30,'10',2022,0,3),(31,'1',2022,0,4),(32,'2',2022,0,4),(33,'3',2022,0,4),(34,'4',2022,0,4),(35,'5',2022,0,4),(36,'6',2022,0,4),(37,'7',2022,0,4),(38,'8',2022,0,4),(39,'9',2022,0,4),(40,'10',2022,0,4),(41,'1',2022,0,5),(42,'2',2022,0,5),(43,'3',2022,0,5),(44,'4',2022,0,5),(45,'5',2022,0,5),(46,'6',2022,0,5),(47,'7',2022,0,5),(48,'8',2022,0,5),(49,'9',2022,0,5),(50,'10',2022,0,5),(51,'1',2022,0,6),(52,'2',2022,0,6),(53,'3',2022,0,6),(54,'4',2022,0,6),(55,'5',2022,0,6),(56,'6',2022,0,6),(57,'7',2022,0,6),(58,'8',2022,0,6),(59,'9',2022,0,6),(60,'10',2022,0,6);
/*!40000 ALTER TABLE `class` ENABLE KEYS */;
UNLOCK TABLES;

--
-- Table structure for table `grade`
--

DROP TABLE IF EXISTS `grade`;
/*!40101 SET @saved_cs_client     = @@character_set_client */;
/*!50503 SET character_set_client = utf8mb4 */;
CREATE TABLE `grade` (
  `id` int(11) NOT NULL AUTO_INCREMENT,
  `name` int(11) DEFAULT NULL,
  PRIMARY KEY (`id`)
) ENGINE=InnoDB AUTO_INCREMENT=10 DEFAULT CHARSET=utf8;
/*!40101 SET character_set_client = @saved_cs_client */;

--
-- Dumping data for table `grade`
--

LOCK TABLES `grade` WRITE;
/*!40000 ALTER TABLE `grade` DISABLE KEYS */;
INSERT INTO `grade` VALUES (1,1),(2,2),(3,3),(4,4),(5,5),(6,6),(7,7),(8,8),(9,9);
/*!40000 ALTER TABLE `grade` ENABLE KEYS */;
UNLOCK TABLES;

--
-- Table structure for table `isbn_library`
--

DROP TABLE IF EXISTS `isbn_library`;
/*!40101 SET @saved_cs_client     = @@character_set_client */;
/*!50503 SET character_set_client = utf8mb4 */;
CREATE TABLE `isbn_library` (
  `id` int(11) NOT NULL AUTO_INCREMENT,
  `img` varchar(500) DEFAULT NULL,
  `author` varchar(500) DEFAULT NULL,
  `isbn` varchar(500) DEFAULT NULL,
  `format` varchar(50) DEFAULT NULL,
  `binding` varchar(50) DEFAULT NULL,
  `edition` varchar(50) DEFAULT NULL,
  `title` varchar(500) DEFAULT NULL,
  `produce` varchar(50) DEFAULT NULL,
  `gist` varchar(5000) DEFAULT NULL,
  `paper` varchar(50) DEFAULT NULL,
  `price` varchar(50) DEFAULT NULL,
  `publisher` varchar(500) DEFAULT NULL,
  `page` varchar(10) DEFAULT NULL,
  `pubdate` varchar(20) DEFAULT NULL,
  PRIMARY KEY (`id`)
) ENGINE=InnoDB AUTO_INCREMENT=28 DEFAULT CHARSET=utf8;
/*!40101 SET character_set_client = @saved_cs_client */;

--
-- Dumping data for table `isbn_library`
--

LOCK TABLES `isbn_library` WRITE;
/*!40000 ALTER TABLE `isbn_library` DISABLE KEYS */;
INSERT INTO `isbn_library` VALUES (1,'http://static1.showapi.com/app2/isbn/img1/b35d7749526b4a7e850e22bed239978e.jpg','斯蒂芬·金（著）施寄青（译）','9787020054985','32开','平装','1','肖申克的救赎','','　　《肖申克的救赎》是斯蒂芬·金最为人精精乐道的杰出代表作，收入了他的四部中篇小说。其英文版一经推出，即登上《纽约时报》畅销书排行榜的冠军之位，当年在美国狂销二十八万册。目前，这《肖申克的救赎》已经被翻译成三十一种语言，同时创下了收录的四篇小说中有三篇被改编成轰动一时的电影的记录。其中最为人精精乐道的便是曾获奥斯卡奖七项提名、被称为电影史上最完美影片的《肖申克救赎》（又译《刺激一九九五》）。这部小说展现了斯蒂芬·金于擅长的惊悚题材之外的过人功力。书中的另两篇小说《纳粹高徒》与《尸体》拍成电影后也赢得了很好的口碑。其中《尸体》还被视为斯蒂芬·金具自传色彩的作品。','胶版纸','29.90','人民文学出版社','403','2006-07'),(2,'http://static1.showapi.com/app2/isbn/10/6a7c9030f4df4cadbb6093a813b1939a.jpg','布迪·克尼亚万（著）沈泽刚（著）','9787115525765','16开','平装-胶订','','Java BudiKurniawan','','本书基于新版的Java 11编写，全面系统地介绍Java程序员必须掌握的核心基础知识，这些内容融合在三大主题中——Java语言基础、面向对象编程以及Java核心类。其中，Java语言基础包括数据类型和运算符、控制结构、数组、类和对象、异常处理、枚举和注解等；面向对象包括封装性、继承性、多态性、接口与抽象类、泛型与集合、多线程与并发编程等；Java核心类包括日期时间API、输入\\/输出、JavaFX图形界面、Lambda表达式和Stream的使用、数据库和网络编程。本书还介绍了安全性和Java Web编程基础的相关知识。n','胶版纸','79.00','人民邮电出版社','','2020-06'),(7,'http://static1.showapi.com/app2/isbn/43/5a04da231c454a64858bec47dccc329a.jpg','明日科技','9787302581260','16开','平装-胶订','','Java从入门到精通','','《Java从入门到精通（第6版）》从初学者角度出发，通过通俗易懂的语言、丰富多彩的实例，详细讲解了使用Java语言进行程序开发需要掌握的知识。全书分为23章，内容包括初识Java，熟悉Eclipse开发工具，Java语言基础，流程控制，数组，类和对象，继承、多态、抽象类与接口，包和内部类，异常处理，字符串，常用类库，集合类，枚举类型与泛型，lambda表达式与流处理，I\\/O（输入\\/输出），反射与注释，数据库操作，Swing程序设计，Java绘图，多线程，网络通信，奔跑吧小恐龙，MR人脸识别打卡系统。书中所有知识都结合具体实例进行讲解，涉及的程序代码都给出了详细的注释，可以使读者轻松领会Java程序开发的精髓，快速提高开发技能。','胶版纸','79.80','清华大学出版社','','2021-07'),(8,'http://static1.showapi.com/app2/isbn/9/8f9fadd7e8ca4afcba3edb1ad9661ba9.jpg','张晓博','9787113261436','16开','平装-胶订','','Java学习笔记：从入门到实战 张晓博','','本书以学习笔记的形式循序渐进地讲解了使用Java语言的核心知识，并通过具体实例的实 n','胶版纸','59.80','中国铁道出版社有限公司','','2019-10'),(9,'http://static1.showapi.com/app2/isbn/10/b51b755880684cc7b1d35845398d244d.jpg','小甲鱼','9787115580931','16开','平装','','web   css3 html5web ','','','胶版纸','99.80','人民邮电出版社','','2022-02'),(10,'http://static1.showapi.com/app2/isbn/115/713b4e89111344bd970f3df169a56c9b.jpg','Robert（著）Kevin Wayne（著）谢路云（译）','9787115293800','16开','平装','4','算法（第4版）','','　　《算法（第4版）》全面讲述算法和数据结构的必备知识，具有以下几大特色。','胶版纸','99.00','人民邮电出版社','636','2012-10'),(11,'http://static1.showapi.com/app2/isbn/img/354597ae1f9043a9b790e43829771c2f.jpg','程杰（著）','9787302162063','16开','平装','1','大话设计模式','','　　本书通篇都是以情景对话的形式，用多个小故事或编程示例来组织讲解GoF（设计模式的经典名著——DesignPatterns：ElementsofReusableObject-OrientedSoftware，中译本名为《设计模式——可复用面向对象软件的基础》的四位作者ErichGamma、RichardHelm、RalphJohnson，以及JohnVlissides，这四人常被称为GangofFour，即四人组，简称GoF）总结的23个设计模式。本书共分为29章。其中，第1、3、4、5章着重讲解了面向对象的意义、好处以及几个重要的设计原则；第2章，以及第6到第28章详细讲解了23个设计模式；第29章是对设计模式的全面总结。附录部分是通过一个例子的演变为初学者介绍了面向对象的基本概念。本书的特色是通过小菜与大鸟的趣味问答，在讲解程序的不断重构和演变过程中，把设计模式的学习门槛降低，让初学者可以更加容易地理解——为什么这样设计才是好的？是怎样想到这样设计的？以达到不但授之以“鱼”，还授之以“渔”的目的。引导读者体会设计演变过程中蕴藏的大智慧。','胶版纸','45.00','清华大学出版社','368','2007-12'),(12,'http://static1.showapi.com/app2/isbn/10/a115138aa117410fbfa187b8c79747cc.jpg','乔国辉','9787302584667','16开','平装-胶订','','IntelliJ IDEA    ','','IntelliJ IDEA 是一款优秀的软件开发工具，学习和掌握IntelliJ IDEA对于开发者来讲具有十分重要的意义。本书以IntelliJ IDEA的操作使用为主线，同时贯穿示例教学，全面地向读者展示了其强大的开发与管理能力。本书为读者准备了比较全面的技术体系，共16章。第1章与第2章主要讲解了IntelliJ IDEA的使用技巧；第3章主要讲解了IntelliJ IDEA中的工程结构及组织方式；第4章与第5章主要讲解了IntelliJ IDEA下项目的编译、部署、运行与调试；第6章与第7章讲解了Maven等项目构建管理工具的使用；第8章Git版本管理是开发者需要着重学习的知识技能；第9章讲解了Spring项目的使用原理并深化了示例；第10章讲解了数据库管理工具的使用技巧；第11章至第14章进行了全方位的拓展，引入了Docker容器、Vue.js、Scala、Python等相关内容；第15章为辅助教学篇，主要讲解了持续化部署工具的使用；第16章为结束篇，以插件为主题从大方向讲解了IntelliJ IDEA下的插件开发。本书适用于所有初学者及具有一定开发经验的从业人员、软件爱好者。相信通过阅读本书，读者能够获得更多的帮助与提升。','胶版纸','139.00','清华大学出版社','','2021-10'),(13,'http://static1.showapi.com/app2/isbn/36/0fff13ad574942afabf65c00e2c5d539.jpg','摆玉龙（著）陈辉（著）范满红（著）','9787302539308','16开','平装-胶订','','WeDo2.0乐高机器人初级教程','','　　《WeDo2.0乐高机器人初级教程\\/STEM教育培训系列》主要介绍WeDo2.0乐高机器人套装、器件介绍、编程简介、WeDo2.0基础实验、WeDo2.0引导实验和WeDo2.0进阶实验，每个实验包括阅读与思考、设计与制作、程序编编看、拓展与提高、STEAM内涵和英语角等。《WeDo2.0乐高机器人初级教程\\/STEM教育培训系列》通过引导学生利用WeDo2.0零件搭建生活中常见的模型，探索生活中的科学原理，初步理解拉力、速度、电机、集线器等重要的自然科学概念。','胶版纸','59.00','清华大学出版社','',''),(14,'http://static1.showapi.com/app2/isbn/10/31616fc42e6742b59e1411d880557d6f.jpg','刘凤飞','9787302539728','16开','平装-胶订','','轻松玩转Scratch 3.0编程','','Scratch是可视化的编程语言，利用它可以制作游戏、动画，还可以计算数学题、处理字符串。　　《轻松玩转Scratch 3.0编程（第2版）》共分为五部分，细致入微地讲解Scratch3.0编程，完全不用担心孩子零基础。　　第一部分（第1、2章）了解Scratch3.0的界面和功能，以及与Scratch2.0的区别。　　第二部分（第3—16章）针对Scratch3.0中的每一个程序块进行实例讲解。　　第三部分（第17章）在掌握基础程序块的基础上，深刻理解和运用编程中的顺序执行、重复执行、条件判断等程序结构。　　第四部分（第18—22章）以一个个游戏项目作为实战案例，详细地讲解每一个项目的分析过程、角色安排、程序制作以及完成后的排错、改进思路和方案。　　第五部分（第23、24章）是高阶项目，一步一步地从简单的实现逐渐增加功能，最终完成一个极其挑战的程序模块，体验一个项目的迭代过程。　　《轻松玩转Scratch 3.0编程（第2版）》适合完全没有接触过编程的家长和小朋友阅读。对从事编程教育的老师来说，也是一本非常好的教程。　　120个趣味示例，系统讲解Scratch3.0常用模块的使用方法和技巧。Scratch是可视化的编程语言，利用它可以制作游戏、动画，还可以计算数学题、处理字符串。　　《轻松玩转Scratch 3.0编程（第2版）》共分为五部分，细致入微地讲解Scratch3.0编程，完全不用担心孩子零基础。　　第一部分（第1、2章）了解Scratch3.0的界面和功能，以及与Scratch2.0的区别。　　第二部分（第3—16章）针对Scratch3.0中的每一个程序块进行实例讲解。　　第三部分（第17章）在掌握基础程序块的基础上，深刻理解和运用编程中的顺序执行、重复执行、条件判断等程序结构。　　第四部分（第18—22章）以一个个游戏项目作为实战案例，详细地讲解每一个项目的分析过程、角色安排、程序制作以及完成后的排错、改进思路和方案。　　第五部分（第23、24章）是高阶项目，一步一步地从简单的实现逐渐增加功能，最终完成一个极其挑战的程序模块，体验一个项目的迭代过程。　　《轻松玩转Scratch 3.0编程（第2版）》适合完全没有接触过编程的家长和小朋友阅读。对从事编程教育的老师来说，也是一本非常好的教程。　　120个趣味示例，系统讲解Scratch3.0常用模块的使用方法和技巧。　　图解教学，学编程像搭积木，快乐动手，轻松有趣。　　创新教育从编程开始，动手培养逻辑思维能力。','胶版纸','89.00','清华大学出版社','','2020-01'),(15,'http://static1.showapi.com/app2/isbn/pic/b187d9f862684f9eabb5cc8167b49a5e.jpg','埃里克·马瑟斯','9787115546081','16开','平装-胶订','','Python编程 从入门到实践','','本书是针对所有层次Python读者而作的Python入门书。全书分两部分：*部分介绍用Python编程所必须了解的基本概念，包括强大的Python库和工具，以及列表、字典、if语句、类、文件与异常、代码测试等内容；第二部分将理论付诸实践，讲解如何开发三个项目，包括简单的2D游戏、利用数据生成交互式的信息图以及创建和定制简单的Web应用，并帮助读者解决常见编程问题和困惑。第2版进行了全面修订，简化了Python安装流程，新增了f字符串、get()方法等内容，并且在项目中使用了Plotly库以及新版本的Django和Bootstrap，等等。','胶版纸','89.00','人民邮电出版社','','2020-09'),(16,'http://static1.showapi.com/app2/isbn/img/2ed0a1ee29ac4d8f898772e1383db4aa.jpg','迈耶（著）侯妍（译）','9787508355948','16开','平装','1','CSS权威指南（第三版）','','　　你是否既想获得丰富复杂的网页样式，同时又想节省时间和精力？本书为你展示了如何遵循CSS全新规范（CSS2和CSS2.1）将层叠样式表的方方面面应用于实践。','胶版纸','58.00','中国电力出版社','508','2008-01'),(17,'http://static1.showapi.com/app2/isbn/512/b8c310416aca4e0f97c4cfc1c8fb9d6b.jpg','[美]Robin Nixon（罗宾?尼克松）','9787512381650','16开','平装','','PHP、MySQL与JavaScript学习手册（第四版）','','','胶版纸','128.00','中国电力出版社','','2015-12'),(18,'http://static1.showapi.com/app2/isbn/9/cc9302a0dce94497a38a7f8b8bff09b9.jpg','霍春阳','9787115583864','128开','平装','','Vuejs  HcySunYang   z','','','胶版纸','120.00','人民邮电出版社','','2022-02'),(19,'http://static1.showapi.com/app2/isbn/pic/25f21374a1e74209b3d8fd91f227ba77.jpg','史蒂芬·普拉达','9787115521637','16开','平装-胶订','','C Primer Plus 6    C','','《C Primer Plus（第6版）中文版》详细讲解了C语言的基本概念和编程技巧。 《C Primer Plus（第6版）中文版》共17章。第1章、第2章介绍了C语言编程的预备知识。第3章～第15章详细讲解了C语言的相关知识，包括数据类型、格式化输入\\/输出、运算符、表达式、语句、循环、字符输入和输出、函数、数组和指针、字符和字符串函数、内存管理、文件输入和输出、结构、位操作等。第16章、第17章介绍C预处理器、C库和高级数据表示。本书以丰富多样的程序为例，讲解C语言的知识要点和注意事项。每章末尾设计了大量复习题和编程练习，帮助读者巩固所学知识和提高实际编程能力。附录给出了各章复习题的参考答案和丰富的参考资料。 《C Primer Plus（第6版）中文版》可作为C语言的教材，适用于需要系统学习C语言的初学者，也适用于想要巩固C语言知识或希望进一步提高编程技术的程序员。','胶版纸','108.00','人民邮电出版社','','2019-11'),(20,'http://static1.showapi.com/app2/isbn/imgs/8ca0dbe0b4634fac81c6b9bfed586578.jpg','Goodfellow（著）Yoshua（著）Bengio（著）Aaron（著）Courville（著）','9787115461476','16开','平装-胶订','1','深度学习','','《深度学习》由全球知名的三位专家Ian Goodfellow、Yoshua Bengio 和Aaron Courville撰写，是深度学习领域奠基性的经典教材。全书的内容包括3个部分：第1部分介绍基本的数学工具和机器学习的概念，它们是深度学习的预备知识；第2部分系统深入地讲解现今已成熟的深度学习方法和技术；第3部分讨论某些具有前瞻性的方向和想法，它们被公认为是深度学习未来的研究重点。《深度学习》适合各类读者阅读，包括相关专业的大学生或研究生，以及不具有机器学习或统计背景、但是想要快速补充深度学习知识，以便在实际产品或平台中应用的软件工程师。','胶版纸','168.00','人民邮电出版社','500','2017-07'),(21,'http://static1.showapi.com/app2/isbn/115/54ca2a749daa413198b3600e74f04f0f.jpg','鸟哥','9787115472588','16开','平装-胶订','','鸟哥的Linux私房菜 基础学习篇','','畅销Linux入门书升级版 鸟哥教你从入门到精通 适用Linux系统应用和开发及运维的人员 涵盖linux内核 命令行 嵌入式 Shell与Shell Scripts技巧精粹 基于CentOS 7.x','胶版纸','118.00','人民邮电出版社','','2018-10'),(22,'http://static1.showapi.com/app2/isbn/pic/24ad64005e4546cd8bfbb9aacbd00ef1.jpg','克雷格·沃斯（著）张卫滨..（译）','9787115527929','16开','平装-胶订','','Spring实战','','本书是一本经典而实用的畅销Spring 学习指南。第5 版涵盖了Spring 5.0 和Spring Boot 2.0 里程碑式的 新。全书分为5 个部分，共19 章。  部分（ ～5 章）涵盖了构建Spring 应用的基础话题。第2 部分（第6～9章）讨论如何将Spring 应用与其他应用进行集成。第3 部分（ 0～12 章）探讨Spring对反应式编程提供的全新支持。第4 部分（ 3～15 章）拆分单体应用模型，介绍SpringCloud 和微服务开发。第5 部分（ 6～19 章）讨论如何为应用投入生产环境做准备以及如何进行部署。本书既适合刚开始学习Spring Boot 和Spring 框架的Java 开发人员快速上手，也适合经验丰富的Spring 开发人员学习Spring 的新特性，尤其适用于企业级Java 开发人员。','胶版纸','99.00','人民邮电','','2020-02'),(23,'http://static1.showapi.com/app2/isbn/pic/2850c6002ff4405c8c272fa5fedad90a.jpg','庞之浩','9787810756129','32开','','1','登天巴士','','','','','江西高校出版社','141页','2005'),(24,'http://static1.showapi.com/app2/isbn/511/a5876d0f3f164ae3ad16b776d818f062.jpg','俞敏洪','9787511041203','32开','平装-胶订','','四级词汇词根+联想记忆法:乱序版 cet4 大学英语四级词汇书 俞敏洪 赠精美笔记本【新东方专营店】','','《四级词汇词根 联想记忆法：乱序版》是俞敏洪老师编著的经典 词根 联想 系列词汇书之一，已陪伴数百万名考生走过备战四级的岁月，广受读者欢迎。 英语四级考试大纲要求考生掌握4000余个词汇以及相关词组，本书囊括四级新大纲词表所有新增词，删除新大纲词表中已经删除的词汇，紧跟新大纲改革趋势，匹配新版考试大纲词表。打破常规的按字母顺序排列单词的方式，以乱序编排带来学习的新体验。按照听力题型调整要求，本书总结归纳了四级新闻核心词汇，帮助考生从容应对新题型。编者还悉心整理了易考到的超纲单词、熟词僻义表、中学已学单词及词组、不规则动词表，总词汇量已远远超出大纲要求，能帮助广大考生从容应对四级考试中的各个题型，取得满意的成绩。 本书主体部分的核心单词分为35个学习单元，考生可依据自身情况合理安排进度，','胶版纸','48.00','海豚出版社','416','2017-12'),(25,'http://static1.showapi.com/app2/isbn/530/9ea805be94c44e4a8b40651f7bca3b10.jpg','路遥','9787530216774','32开','平装-胶订','1','平凡的世界普及本 路遥著','','这是一部现实主义小说，也是小说化的家族史。作家高度浓缩了中国西北农村的历史变迁过程，作品达到了思想性与艺术性的高度统一，特别是主人公面对困境艰苦奋斗的精神，对今天的大学生朋友仍有启迪。这是一部全景式地表现中国当代城乡社会生活的长篇小说，本书共三部。作者在近十年问广阔背景上，通过复杂的矛盾纠葛，刻划了社会各阶层众多普通人的形象。劳动与爱情，挫折与追求，痛苦与欢乐，日常生活与巨大社会冲突，纷繁地交织在一起，深刻地展示了普通人在大时代历史进程中所走过的艰难曲折的道路。\r这是《平凡的世界》（共三部）的精华版，在原书三本的基础上缩写为一本，内容更为集中。\r','胶版纸','39.80','北京十月文艺出版社','','2017-06'),(26,'http://static1.showapi.com/app2/isbn/pic/951c3599d19244d78aa7ee11edd7f17b.jpg','立人','9787513928649','16开','平装-胶订','','中国的十万个为什么 快乐读书吧','','','轻型纸','24.80','民主与建设出版社','','2020-02'),(27,'http://static1.showapi.com/app2/isbn/1910/a4b643e57f2b4f95bc29281a0b38e997.jpg','高士其','9787513928663','16开','平装-胶订','','灰尘的旅行 ','','','轻型纸','24.80','民主与建设出版社','','2020-02');
/*!40000 ALTER TABLE `isbn_library` ENABLE KEYS */;
UNLOCK TABLES;

--
-- Table structure for table `overtime_lost`
--

DROP TABLE IF EXISTS `overtime_lost`;
/*!40101 SET @saved_cs_client     = @@character_set_client */;
/*!50503 SET character_set_client = utf8mb4 */;
CREATE TABLE `overtime_lost` (
  `id` int(11) NOT NULL AUTO_INCREMENT,
  `borrow_book_id` int(11) DEFAULT NULL,
  `state` int(11) DEFAULT NULL,
  `type` int(11) DEFAULT NULL,
  PRIMARY KEY (`id`),
  KEY `borrow_book_id` (`borrow_book_id`),
  CONSTRAINT `overtime_lost_ibfk_1` FOREIGN KEY (`borrow_book_id`) REFERENCES `borrow_book` (`id`)
) ENGINE=InnoDB DEFAULT CHARSET=utf8;
/*!40101 SET character_set_client = @saved_cs_client */;

--
-- Dumping data for table `overtime_lost`
--

LOCK TABLES `overtime_lost` WRITE;
/*!40000 ALTER TABLE `overtime_lost` DISABLE KEYS */;
/*!40000 ALTER TABLE `overtime_lost` ENABLE KEYS */;
UNLOCK TABLES;

--
-- Table structure for table `user`
--

DROP TABLE IF EXISTS `user`;
/*!40101 SET @saved_cs_client     = @@character_set_client */;
/*!50503 SET character_set_client = utf8mb4 */;
CREATE TABLE `user` (
  `id` int(11) NOT NULL AUTO_INCREMENT,
  `name` varchar(100) DEFAULT NULL,
  `type` int(11) DEFAULT NULL,
  `age` int(11) DEFAULT NULL,
  `id_card` varchar(20) DEFAULT NULL,
  `gender` int(11) DEFAULT NULL,
  `create_time` datetime DEFAULT NULL,
  `password` varchar(20) DEFAULT NULL,
  `update_time` datetime DEFAULT NULL,
  `state` int(11) DEFAULT NULL,
  `auditor` int(11) DEFAULT NULL,
  `phone_number` varchar(20) DEFAULT NULL,
  `user_name` varchar(24) DEFAULT NULL,
  `class` int(11) DEFAULT NULL,
  `grade` int(11) DEFAULT NULL,
  `card_num` varchar(20) DEFAULT NULL,
  PRIMARY KEY (`id`),
  KEY `grade` (`grade`),
  KEY `class` (`class`),
  KEY `type` (`type`),
  KEY `auditor` (`auditor`),
  CONSTRAINT `user_ibfk_1` FOREIGN KEY (`grade`) REFERENCES `grade` (`id`),
  CONSTRAINT `user_ibfk_2` FOREIGN KEY (`class`) REFERENCES `class` (`id`),
  CONSTRAINT `user_ibfk_3` FOREIGN KEY (`type`) REFERENCES `user_roll` (`id`),
  CONSTRAINT `user_ibfk_4` FOREIGN KEY (`auditor`) REFERENCES `user` (`id`)
) ENGINE=InnoDB AUTO_INCREMENT=1755 DEFAULT CHARSET=utf8;
/*!40101 SET character_set_client = @saved_cs_client */;

--
-- Dumping data for table `user`
--

LOCK TABLES `user` WRITE;
/*!40000 ALTER TABLE `user` DISABLE KEYS */;
INSERT INTO `user` VALUES (1,'管理员',1,18,'55112315454545132412',1,NULL,'qweasd123！@#',NULL,1,NULL,'18166763747','管理员',NULL,NULL,NULL),(12,'权科元',3,10,'489156200006180789',1,'2022-03-06 14:45:32','123456','2022-03-06 14:45:32',-1,1,'13884659947','qky',41,5,'001256'),(13,'高嵩滈',3,16,'584136200512280945',1,'2022-03-06 14:47:26','58429915870665','2022-03-06 14:47:26',-1,1,'18166763747','gsh',59,6,'022554'),(14,'陈皓良',3,16,'594626588455520235',1,'2022-03-06 14:48:35','5646554466','2022-03-06 14:48:35',-1,1,'13548267745','chl',1,1,'0225655'),(15,'陈禹',3,10,'746258455212365623',2,'2022-03-06 14:49:24','56648461321','2022-03-06 14:49:24',-1,1,'18466542259','cy',34,4,'484455'),(16,'景凯峰',3,14,'426521022987526543',1,'2022-03-06 14:50:16','7423665522','2022-03-06 14:50:16',-1,1,'15866452357','jkf',16,2,'012565'),(17,'许丹阳',2,11,'426870655412398520',2,'2022-03-06 14:51:08','123456','2022-03-06 14:51:08',-1,1,'15644692457','xdy',22,3,'015564'),(18,'陈昌胡',3,6,'520111201504221817',1,'2022-06-26 21:06:17','20150422','2022-06-26 21:06:17',1,1,'','陈昌胡20150422',1,1,''),(19,'陈方旭',3,6,'52011120150516181X',1,'2022-06-26 21:06:17','20150516','2022-06-26 21:06:17',1,1,'','陈方旭20150516',1,1,''),(20,'陈恒鸿',3,6,'520111201410101814',1,'2022-06-26 21:06:17','20141010','2022-06-26 21:06:17',1,1,'','陈恒鸿20141010',1,1,''),(21,'陈慧慧',3,6,'520111201508201821',2,'2022-06-26 21:06:17','20150820','2022-06-26 21:06:17',1,1,'','陈慧慧20150820',1,1,''),(22,'陈佳煜',3,6,'350582201504052510',1,'2022-06-26 21:06:17','20150405','2022-06-26 21:06:17',1,1,'','陈佳煜20150405',1,1,''),(23,'陈敬皓',3,6,'520111201505311814',1,'2022-06-26 21:06:17','20150531','2022-06-26 21:06:17',1,1,'','陈敬皓20150531',1,1,''),(24,'陈吴正洋',3,6,'520111201504141817',1,'2022-06-26 21:06:17','20150414','2022-06-26 21:06:17',1,1,'','陈吴正洋20150414',1,1,''),(25,'陈旭梓沫',3,6,'520111201501031815',1,'2022-06-26 21:06:17','20150103','2022-06-26 21:06:17',1,1,'','陈旭梓沫20150103',1,1,''),(26,'陈叶思雨',3,6,'520111201409051848',2,'2022-06-26 21:06:17','20140905','2022-06-26 21:06:17',1,1,'','陈叶思雨20140905',1,1,''),(27,'段梦赢',3,6,'520111201409031820',2,'2022-06-26 21:06:17','20140903','2022-06-26 21:06:17',1,1,'','段梦赢20140903',1,1,''),(28,'付敖帆',3,6,'520111201409271816',1,'2022-06-26 21:06:17','20140927','2022-06-26 21:06:17',1,1,'','付敖帆20140927',1,1,''),(29,'蒋欣蕾',3,6,'520111201505081828',2,'2022-06-26 21:06:17','20150508','2022-06-26 21:06:17',1,1,'','蒋欣蕾20150508',1,1,''),(30,'李琳芯',3,6,'520111201506221829',2,'2022-06-26 21:06:17','20150622','2022-06-26 21:06:17',1,1,'','李琳芯20150622',1,1,''),(31,'李永峻',3,6,'520111201411041833',1,'2022-06-26 21:06:17','20141104','2022-06-26 21:06:17',1,1,'','李永峻20141104',1,1,''),(32,'刘元菱',3,6,'520111201506151824',2,'2022-06-26 21:06:17','20150615','2022-06-26 21:06:17',1,1,'','刘元菱20150615',1,1,''),(33,'秦家鑫',3,6,'522422201411270019',1,'2022-06-26 21:06:17','20141127','2022-06-26 21:06:17',1,1,'','秦家鑫20141127',1,1,''),(34,'唐翎晟',3,6,'520111201501081812',1,'2022-06-26 21:06:17','20150108','2022-06-26 21:06:17',1,1,'','唐翎晟20150108',1,1,''),(35,'田诗蕊',3,6,'520111201508121821',2,'2022-06-26 21:06:17','20150812','2022-06-26 21:06:17',1,1,'','田诗蕊20150812',1,1,''),(36,'王欢欢',3,6,'520111201502011824',2,'2022-06-26 21:06:17','20150201','2022-06-26 21:06:17',1,1,'','王欢欢20150201',1,1,''),(37,'王希怡',3,6,'520111201503111827',2,'2022-06-26 21:06:17','20150311','2022-06-26 21:06:17',1,1,'','王希怡20150311',1,1,''),(38,'王阳欣',3,6,'520111201503051828',2,'2022-06-26 21:06:17','20150305','2022-06-26 21:06:17',1,1,'','王阳欣20150305',1,1,''),(39,'王子骎',3,6,'52011120141206181X',1,'2022-06-26 21:06:17','20141206','2022-06-26 21:06:17',1,1,'','王子骎20141206',1,1,''),(40,'文恩铭',3,6,'520111201411101832',1,'2022-06-26 21:06:17','20141110','2022-06-26 21:06:17',1,1,'','文恩铭20141110',1,1,''),(41,'杨应艳',3,6,'52011120141226182X',2,'2022-06-26 21:06:17','20141226','2022-06-26 21:06:17',1,1,'','杨应艳20141226',1,1,''),(42,'杨玉虎',3,6,'520111201505191832',1,'2022-06-26 21:06:17','20150519','2022-06-26 21:06:17',1,1,'','杨玉虎20150519',1,1,''),(43,'张金沐',3,6,'520111201410211845',2,'2022-06-26 21:06:17','20141021','2022-06-26 21:06:17',1,1,'','张金沐20141021',1,1,''),(44,'周博毅',3,6,'520111201506131815',1,'2022-06-26 21:06:17','20150613','2022-06-26 21:06:17',1,1,'','周博毅20150613',1,1,''),(45,'王凤成印',3,6,'520113201505070814',1,'2022-06-26 21:06:17','20150507','2022-06-26 21:06:17',1,1,'','王凤成印20150507',1,1,''),(46,'夏余文',3,6,'520103201505239031',1,'2022-06-26 21:06:17','20150523','2022-06-26 21:06:17',1,1,'','夏余文20150523',1,1,''),(47,'谌思羽',3,6,'52222920141224262X',2,'2022-06-26 21:06:17','20141224','2022-06-26 21:06:17',1,1,'','谌思羽20141224',1,1,''),(48,'何雨函',3,6,'522423201412285307',2,'2022-06-26 21:06:17','20141228','2022-06-26 21:06:17',1,1,'','何雨函20141228',1,1,''),(49,'胡辰羿',3,6,'520321201501031026',2,'2022-06-26 21:06:17','20150103','2022-06-26 21:06:17',1,1,'','胡辰羿20150103',1,1,''),(50,'黄伯颢',3,6,'520327201508251513',1,'2022-06-26 21:06:17','20150825','2022-06-26 21:06:17',1,1,'','黄伯颢20150825',1,1,''),(51,'刘俊玲',3,6,'520181201507154444',2,'2022-06-26 21:06:17','20150715','2022-06-26 21:06:17',1,1,'','刘俊玲20150715',1,1,''),(52,'王烁涵',3,6,'520328201508013511',1,'2022-06-26 21:06:17','20150801','2022-06-26 21:06:17',1,1,'','王烁涵20150801',1,1,''),(53,'王研可',3,6,'522422201409113823',2,'2022-06-26 21:06:17','20140911','2022-06-26 21:06:17',1,1,'','王研可20140911',1,1,''),(54,'王怡佳',3,6,'522423201503166725',2,'2022-06-26 21:06:17','20150316','2022-06-26 21:06:17',1,1,'','王怡佳20150316',1,1,''),(55,'王紫文楠',3,6,'520201201410286022',2,'2022-06-26 21:06:17','20141028','2022-06-26 21:06:17',1,1,'','王紫文楠20141028',1,1,''),(56,'吴梦洁',3,6,'522729201409060929',2,'2022-06-26 21:06:17','20140906','2022-06-26 21:06:17',1,1,'','吴梦洁20140906',1,1,''),(57,'徐艺洋',3,6,'522423201412075019',1,'2022-06-26 21:06:17','20141207','2022-06-26 21:06:17',1,1,'','徐艺洋20141207',1,1,''),(58,'晏佳欣',3,6,'52222720150110164X',2,'2022-06-26 21:06:17','20150110','2022-06-26 21:06:17',1,1,'','晏佳欣20150110',1,1,''),(59,'杨远翔',3,6,'522730201505160415',1,'2022-06-26 21:06:17','20150516','2022-06-26 21:06:17',1,1,'','杨远翔20150516',1,1,''),(60,'赵渊俊熙',3,6,'520222201410192036',1,'2022-06-26 21:06:17','20141019','2022-06-26 21:06:17',1,1,'','赵渊俊熙20141019',1,1,''),(61,'白君凡',3,6,'420322201501013912',1,'2022-06-26 21:06:17','20150101','2022-06-26 21:06:17',1,1,'','白君凡20150101',1,1,''),(62,'韩静雯',3,6,'411324201508290084',2,'2022-06-26 21:06:17','20150829','2022-06-26 21:06:17',1,1,'','韩静雯20150829',1,1,''),(63,'刘绍普',3,6,'130929201411082795',1,'2022-06-26 21:06:17','20141108','2022-06-26 21:06:17',1,1,'','刘绍普20141108',1,1,''),(64,'覃凝霜',3,6,'500227201410287543',2,'2022-06-26 21:06:17','20141028','2022-06-26 21:06:17',1,1,'','覃凝霜20141028',1,1,''),(65,'汤皓',3,6,'450923201508234317',1,'2022-06-26 21:06:17','20150823','2022-06-26 21:06:17',1,1,'','汤皓20150823',1,1,''),(66,'辛煜泽',3,6,'370830201505243515',1,'2022-06-26 21:06:17','20150524','2022-06-26 21:06:17',1,1,'','辛煜泽20150524',1,1,''),(67,'袁晨曦',3,6,'430524201506180168',2,'2022-06-26 21:06:17','20150618','2022-06-26 21:06:17',1,1,'','袁晨曦20150618',1,1,''),(68,'蔡志桐',3,6,'520111201501061846',2,'2022-06-26 21:06:17','20150106','2022-06-26 21:06:17',1,1,'','蔡志桐20150106',2,1,''),(69,'曾子彤',3,6,'520111201503191820',2,'2022-06-26 21:06:17','20150319','2022-06-26 21:06:17',1,1,'','曾子彤20150319',2,1,''),(70,'陈燚',3,6,'520111201504171813',1,'2022-06-26 21:06:17','20150417','2022-06-26 21:06:17',1,1,'','陈燚20150417',2,1,''),(71,'丁方皓',3,6,'520111201505131813',1,'2022-06-26 21:06:17','20150513','2022-06-26 21:06:17',1,1,'','丁方皓20150513',2,1,''),(72,'段胤然',3,6,'52011120150719181X',1,'2022-06-26 21:06:17','20150719','2022-06-26 21:06:17',1,1,'','段胤然20150719',2,1,''),(73,'郭皓轩',3,6,'520111201501121810',1,'2022-06-26 21:06:17','20150112','2022-06-26 21:06:17',1,1,'','郭皓轩20150112',2,1,''),(74,'黄皓轩',3,6,'520111201411211839',1,'2022-06-26 21:06:17','20141121','2022-06-26 21:06:17',1,1,'','黄皓轩20141121',2,1,''),(75,'李兴宇',3,6,'520111201501111815',1,'2022-06-26 21:06:17','20150111','2022-06-26 21:06:17',1,1,'','李兴宇20150111',2,1,''),(76,'李远治',3,6,'520111201506061810',1,'2022-06-26 21:06:17','20150606','2022-06-26 21:06:17',1,1,'','李远治20150606',2,1,''),(77,'刘家铄',3,6,'52011120150815181X',1,'2022-06-26 21:06:17','20150815','2022-06-26 21:06:17',1,1,'','刘家铄20150815',2,1,''),(78,'刘子涵',3,6,'520111201410161825',2,'2022-06-26 21:06:17','20141016','2022-06-26 21:06:17',1,1,'','刘子涵20141016',2,1,''),(79,'卢宇韬',3,6,'520111201411151813',1,'2022-06-26 21:06:17','20141115','2022-06-26 21:06:17',1,1,'','卢宇韬20141115',2,1,''),(80,'唐艾林',3,6,'520114201505081245',2,'2022-06-26 21:06:17','20150508','2022-06-26 21:06:17',1,1,'','唐艾林20150508',2,1,''),(81,'唐言琴',3,6,'520111201410081825',2,'2022-06-26 21:06:17','20141008','2022-06-26 21:06:17',1,1,'','唐言琴20141008',2,1,''),(82,'唐忠艳',3,6,'520111201412241829',2,'2022-06-26 21:06:17','20141224','2022-06-26 21:06:17',1,1,'','唐忠艳20141224',2,1,''),(83,'王晨曦',3,6,'520111201508281817',1,'2022-06-26 21:06:17','20150828','2022-06-26 21:06:17',1,1,'','王晨曦20150828',2,1,''),(84,'王浩燃',3,6,'520111201504021823',2,'2022-06-26 21:06:17','20150402','2022-06-26 21:06:17',1,1,'','王浩燃20150402',2,1,''),(85,'王庭宣',3,6,'520111201409041826',2,'2022-06-26 21:06:17','20140904','2022-06-26 21:06:17',1,1,'','王庭宣20140904',2,1,''),(86,'王维皓轩',3,6,'52011120150604181X',1,'2022-06-26 21:06:17','20150604','2022-06-26 21:06:17',1,1,'','王维皓轩20150604',2,1,''),(87,'王文粲',3,6,'520111201508221822',2,'2022-06-26 21:06:17','20150822','2022-06-26 21:06:17',1,1,'','王文粲20150822',2,1,''),(88,'杨应钦',3,6,'520111201502021811',1,'2022-06-26 21:06:17','20150202','2022-06-26 21:06:17',1,1,'','杨应钦20150202',2,1,''),(89,'岳宗俊',3,6,'52011120150209181X',1,'2022-06-26 21:06:17','20150209','2022-06-26 21:06:17',1,1,'','岳宗俊20150209',2,1,''),(90,'张纤纤',3,6,'520111201409101841',2,'2022-06-26 21:06:17','20140910','2022-06-26 21:06:17',1,1,'','张纤纤20140910',2,1,''),(91,'张艺晨',3,6,'520111201412071823',2,'2022-06-26 21:06:17','20141207','2022-06-26 21:06:17',1,1,'','张艺晨20141207',2,1,''),(92,'周明珠',3,6,'520111201412131822',2,'2022-06-26 21:06:17','20141213','2022-06-26 21:06:17',1,1,'','周明珠20141213',2,1,''),(93,'邹耀东',3,6,'520111201412161810',1,'2022-06-26 21:06:17','20141216','2022-06-26 21:06:17',1,1,'','邹耀东20141216',2,1,''),(94,'陈林浩',3,6,'520421201505111432',1,'2022-06-26 21:06:17','20150511','2022-06-26 21:06:17',1,1,'','陈林浩20150511',2,1,''),(95,'陈炎豫',3,6,'522422201507254080',2,'2022-06-26 21:06:17','20150725','2022-06-26 21:06:17',1,1,'','陈炎豫20150725',2,1,''),(96,'侯先雨',3,6,'522425201505252427',2,'2022-06-26 21:06:17','20150525','2022-06-26 21:06:17',1,1,'','侯先雨20150525',2,1,''),(97,'姜优璇',3,6,'522730201412270420',2,'2022-06-26 21:06:17','20141227','2022-06-26 21:06:17',1,1,'','姜优璇20141227',2,1,''),(98,'李宛霖',3,6,'522424201412031223',2,'2022-06-26 21:06:17','20141203','2022-06-26 21:06:17',1,1,'','李宛霖20141203',2,1,''),(99,'刘雨菡',3,6,'522730201410110423',2,'2022-06-26 21:06:17','20141011','2022-06-26 21:06:17',1,1,'','刘雨菡20141011',2,1,''),(100,'倪和芋',3,7,'522730201407310416',1,'2022-06-26 21:06:17','20140731','2022-06-26 21:06:17',1,1,'','倪和芋20140731',2,1,''),(101,'任芷晗',3,6,'522224201409200021',2,'2022-06-26 21:06:17','20140920','2022-06-26 21:06:17',1,1,'','任芷晗20140920',2,1,''),(102,'晏昇静璇',3,6,'522730201506120423',2,'2022-06-26 21:06:17','20150612','2022-06-26 21:06:17',1,1,'','晏昇静璇20150612',2,1,''),(103,'安芮萱',3,6,'411324201412270580',2,'2022-06-26 21:06:17','20141227','2022-06-26 21:06:17',1,1,'','安芮萱20141227',2,1,''),(104,'程立诚',3,6,'341602201411071571',1,'2022-06-26 21:06:17','20141107','2022-06-26 21:06:17',1,1,'','程立诚20141107',2,1,''),(105,'潘伟诚',3,6,'440183201505084414',1,'2022-06-26 21:06:17','20150508','2022-06-26 21:06:17',1,1,'','潘伟诚20150508',2,1,''),(106,'王锘童',3,6,'130432201410132384',2,'2022-06-26 21:06:17','20141013','2022-06-26 21:06:17',1,1,'','王锘童20141013',2,1,''),(107,'杨程竣',3,6,'411324201504180232',1,'2022-06-26 21:06:17','20150418','2022-06-26 21:06:17',1,1,'','杨程竣20150418',2,1,''),(108,'郑伊瞳',3,6,'360681201409053639',1,'2022-06-26 21:06:17','20140905','2022-06-26 21:06:17',1,1,'','郑伊瞳20140905',2,1,''),(109,'安俊羽',3,7,'522425201408078412',1,'2022-06-26 21:06:17','20140807','2022-06-26 21:06:17',1,1,'','安俊羽20140807',2,1,''),(110,'胡裕平',3,6,'500225201506106214',1,'2022-06-26 21:06:17','20150610','2022-06-26 21:06:17',1,1,'','胡裕平20150610',2,1,''),(111,'吴佳其',3,6,'522702201508193161',2,'2022-06-26 21:06:17','20150819','2022-06-26 21:06:17',1,1,'','吴佳其20150819',2,1,''),(112,'刘定颖涵',3,6,'520103201502174826',2,'2022-06-26 21:06:17','20150217','2022-06-26 21:06:17',1,1,'','刘定颖涵20150217',2,1,''),(113,'覃文博',3,6,'522731201506278657',1,'2022-06-26 21:06:17','20150627','2022-06-26 21:06:17',1,1,'','覃文博20150627',2,1,''),(114,'冯尚颜诺',3,6,'520111201507232722',2,'2022-06-26 21:06:17','20150723','2022-06-26 21:06:17',1,1,'','冯尚颜诺20150723',2,1,''),(115,'贺雨菡',3,6,'520114201410231220',2,'2022-06-26 21:06:17','20141023','2022-06-26 21:06:17',1,1,'','贺雨菡20141023',2,1,''),(116,'李兴海',3,6,'520114201412131231',1,'2022-06-26 21:06:17','20141213','2022-06-26 21:06:17',1,1,'','李兴海20141213',2,1,''),(117,'班林玮',3,6,'520111201412011847',2,'2022-06-26 21:06:17','20141201','2022-06-26 21:06:17',1,1,'','班林玮20141201',3,1,''),(118,'陈朝馨',3,6,'520111201506271826',2,'2022-06-26 21:06:17','20150627','2022-06-26 21:06:17',1,1,'','陈朝馨20150627',3,1,''),(119,'陈怀槿',3,6,'520111201412171816',1,'2022-06-26 21:06:17','20141217','2022-06-26 21:06:17',1,1,'','陈怀槿20141217',3,1,''),(120,'陈有杰',3,6,'520111201504281836',1,'2022-06-26 21:06:17','20150428','2022-06-26 21:06:17',1,1,'','陈有杰20150428',3,1,''),(121,'符晨溪',3,6,'520111201508011817',1,'2022-06-26 21:06:17','20150801','2022-06-26 21:06:17',1,1,'','符晨溪20150801',3,1,''),(122,'贺成钰',3,6,'520111201505141827',2,'2022-06-26 21:06:17','20150514','2022-06-26 21:06:17',1,1,'','贺成钰20150514',3,1,''),(123,'林瑞晨',3,6,'520111201501241855',1,'2022-06-26 21:06:17','20150124','2022-06-26 21:06:17',1,1,'','林瑞晨20150124',3,1,''),(124,'钱紫熙',3,6,'520111201409231822',2,'2022-06-26 21:06:17','20140923','2022-06-26 21:06:17',1,1,'','钱紫熙20140923',3,1,''),(125,'帅学康',3,6,'520111201507281815',1,'2022-06-26 21:06:17','20150728','2022-06-26 21:06:17',1,1,'','帅学康20150728',3,1,''),(126,'宋睿婕',3,6,'520111201505131821',2,'2022-06-26 21:06:17','20150513','2022-06-26 21:06:17',1,1,'','宋睿婕20150513',3,1,''),(127,'唐锦福',3,6,'520111201507181814',1,'2022-06-26 21:06:17','20150718','2022-06-26 21:06:17',1,1,'','唐锦福20150718',3,1,''),(128,'唐宇航',3,6,'520111201410051810',1,'2022-06-26 21:06:17','20141005','2022-06-26 21:06:17',1,1,'','唐宇航20141005',3,1,''),(129,'王廷轩',3,6,'520111201410211810',1,'2022-06-26 21:06:17','20141021','2022-06-26 21:06:17',1,1,'','王廷轩20141021',3,1,''),(130,'王祥凯',3,6,'520111201506271818',1,'2022-06-26 21:06:17','20150627','2022-06-26 21:06:17',1,1,'','王祥凯20150627',3,1,''),(131,'王兴越',3,6,'520111201508301814',1,'2022-06-26 21:06:17','20150830','2022-06-26 21:06:17',1,1,'','王兴越20150830',3,1,''),(132,'王裕玮',3,6,'520111201501171818',1,'2022-06-26 21:06:17','20150117','2022-06-26 21:06:17',1,1,'','王裕玮20150117',3,1,''),(133,'王章涵',3,6,'520111201504201816',1,'2022-06-26 21:06:17','20150420','2022-06-26 21:06:17',1,1,'','王章涵20150420',3,1,''),(134,'王章玲',3,6,'520111201503251862',2,'2022-06-26 21:06:17','20150325','2022-06-26 21:06:17',1,1,'','王章玲20150325',3,1,''),(135,'王章诗涵',3,6,'520111201505091823',2,'2022-06-26 21:06:17','20150509','2022-06-26 21:06:17',1,1,'','王章诗涵20150509',3,1,''),(136,'王章潇',3,6,'520111201508031850',1,'2022-06-26 21:06:17','20150803','2022-06-26 21:06:17',1,1,'','王章潇20150803',3,1,''),(137,'徐子轩',3,6,'520111201410221832',1,'2022-06-26 21:06:17','20141022','2022-06-26 21:06:17',1,1,'','徐子轩20141022',3,1,''),(138,'杨何新',3,6,'520111201412021818',1,'2022-06-26 21:06:17','20141202','2022-06-26 21:06:17',1,1,'','杨何新20141202',3,1,''),(139,'杨家豪',3,6,'520111201410061832',1,'2022-06-26 21:06:17','20141006','2022-06-26 21:06:17',1,1,'','杨家豪20141006',3,1,''),(140,'姚超铭',3,6,'520111201508011825',2,'2022-06-26 21:06:17','20150801','2022-06-26 21:06:17',1,1,'','姚超铭20150801',3,1,''),(141,'张程菲',3,6,'522425201501093924',2,'2022-06-26 21:06:17','20150109','2022-06-26 21:06:17',1,1,'','张程菲20150109',3,1,''),(142,'张新煜',3,6,'520111201505031812',1,'2022-06-26 21:06:17','20150503','2022-06-26 21:06:17',1,1,'','张新煜20150503',3,1,''),(143,'张杨雪',3,6,'520111201506151840',2,'2022-06-26 21:06:17','20150615','2022-06-26 21:06:17',1,1,'','张杨雪20150615',3,1,''),(144,'周雨暄',3,6,'520111201409261829',2,'2022-06-26 21:06:17','20140926','2022-06-26 21:06:17',1,1,'','周雨暄20140926',3,1,''),(145,'周子博',3,6,'520111201507111832',1,'2022-06-26 21:06:17','20150711','2022-06-26 21:06:17',1,1,'','周子博20150711',3,1,''),(146,'陈祖茗',3,6,'520114201505201219',1,'2022-06-26 21:06:17','20150520','2022-06-26 21:06:17',1,1,'','陈祖茗20150520',3,1,''),(147,'罗嘉嘉',3,6,'520114201508271220',2,'2022-06-26 21:06:17','20150827','2022-06-26 21:06:17',1,1,'','罗嘉嘉20150827',3,1,''),(148,'罗章云',3,6,'520114201411181237',1,'2022-06-26 21:06:18','20141118','2022-06-26 21:06:18',1,1,'','罗章云20141118',3,1,''),(149,'郑智萱',3,6,'520114201504301226',2,'2022-06-26 21:06:18','20150430','2022-06-26 21:06:18',1,1,'','郑智萱20150430',3,1,''),(150,'白艾琪',3,6,'520423201412080027',2,'2022-06-26 21:06:18','20141208','2022-06-26 21:06:18',1,1,'','白艾琪20141208',3,1,''),(151,'柏兴蓉',3,6,'522730201505290420',2,'2022-06-26 21:06:18','20150529','2022-06-26 21:06:18',1,1,'','柏兴蓉20150529',3,1,''),(152,'蔡宇娇',3,6,'522427201411213227',2,'2022-06-26 21:06:18','20141121','2022-06-26 21:06:18',1,1,'','蔡宇娇20141121',3,1,''),(153,'付文博',3,6,'522426201507185017',1,'2022-06-26 21:06:18','20150718','2022-06-26 21:06:18',1,1,'','付文博20150718',3,1,''),(154,'何承诺',3,6,'522730201501282554',1,'2022-06-26 21:06:18','20150128','2022-06-26 21:06:18',1,1,'','何承诺20150128',3,1,''),(155,'廖仕毅',3,6,'522730201409010417',1,'2022-06-26 21:06:18','20140901','2022-06-26 21:06:18',1,1,'','廖仕毅20140901',3,1,''),(156,'卢文渊',3,6,'520327201506027518',1,'2022-06-26 21:06:18','20150602','2022-06-26 21:06:18',1,1,'','卢文渊20150602',3,1,''),(157,'杨绍欢',3,6,'52042420150316162X',2,'2022-06-26 21:06:18','20150316','2022-06-26 21:06:18',1,1,'','杨绍欢20150316',3,1,''),(158,'杨意涵',3,6,'520324201503062028',2,'2022-06-26 21:06:18','20150306','2022-06-26 21:06:18',1,1,'','杨意涵20150306',3,1,''),(159,'赵宇轩',3,6,'520330201410152179',1,'2022-06-26 21:06:18','20141015','2022-06-26 21:06:18',1,1,'','赵宇轩20141015',3,1,''),(160,'周明熙',3,6,'522425201410312423',2,'2022-06-26 21:06:18','20141031','2022-06-26 21:06:18',1,1,'','周明熙20141031',3,1,''),(161,'黄钟之',3,7,'512002201312197056',1,'2022-06-26 21:06:18','20131219','2022-06-26 21:06:18',1,1,'','黄钟之20131219',3,1,''),(162,'李昕恬',3,6,'500117201508206205',2,'2022-06-26 21:06:18','20150820','2022-06-26 21:06:18',1,1,'','李昕恬20150820',3,1,''),(163,'刘金诺',3,6,'130432201410141344',2,'2022-06-26 21:06:18','20141014','2022-06-26 21:06:18',1,1,'','刘金诺20141014',3,1,''),(164,'谢骏凯',3,6,'350302201411051671',1,'2022-06-26 21:06:18','20141105','2022-06-26 21:06:18',1,1,'','谢骏凯20141105',3,1,''),(165,'熊伟钒',3,6,'511725201410230317',1,'2022-06-26 21:06:18','20141023','2022-06-26 21:06:18',1,1,'','熊伟钒20141023',3,1,''),(166,'闫亦涵',3,6,'411324201501140366',2,'2022-06-26 21:06:18','20150114','2022-06-26 21:06:18',1,1,'','闫亦涵20150114',3,1,''),(167,'蒋峻熙',3,7,'111111201501219b7b',1,'2022-06-26 21:06:18','20150121','2022-06-26 21:06:18',1,1,'','蒋峻熙20150121',3,1,''),(168,'班乘豪',3,6,'520111201505191816',1,'2022-06-26 21:06:18','20150519','2022-06-26 21:06:18',1,1,'','班乘豪20150519',4,1,''),(169,'班瑾萱',3,6,'520111201507151826',2,'2022-06-26 21:06:18','20150715','2022-06-26 21:06:18',1,1,'','班瑾萱20150715',4,1,''),(170,'班礼慧',3,6,'520111201507221847',2,'2022-06-26 21:06:18','20150722','2022-06-26 21:06:18',1,1,'','班礼慧20150722',4,1,''),(171,'班明灿',3,6,'520111201505271824',2,'2022-06-26 21:06:18','20150527','2022-06-26 21:06:18',1,1,'','班明灿20150527',4,1,''),(172,'班义卉',3,6,'520111201412021826',2,'2022-06-26 21:06:18','20141202','2022-06-26 21:06:18',1,1,'','班义卉20141202',4,1,''),(173,'班意琪',3,6,'520111201412121827',2,'2022-06-26 21:06:18','20141212','2022-06-26 21:06:18',1,1,'','班意琪20141212',4,1,''),(174,'陈朝莲',3,6,'52011120150325182X',2,'2022-06-26 21:06:18','20150325','2022-06-26 21:06:18',1,1,'','陈朝莲20150325',4,1,''),(175,'陈天乐',3,6,'520111201505261829',2,'2022-06-26 21:06:18','20150526','2022-06-26 21:06:18',1,1,'','陈天乐20150526',4,1,''),(176,'陈天星',3,6,'520111201412081829',2,'2022-06-26 21:06:18','20141208','2022-06-26 21:06:18',1,1,'','陈天星20141208',4,1,''),(177,'陈欣李芸',3,6,'520111201503161824',2,'2022-06-26 21:06:18','20150316','2022-06-26 21:06:18',1,1,'','陈欣李芸20150316',4,1,''),(178,'谌婉芯',3,6,'520111201502111841',2,'2022-06-26 21:06:18','20150211','2022-06-26 21:06:18',1,1,'','谌婉芯20150211',4,1,''),(179,'何欣然',3,6,'520111201502011840',2,'2022-06-26 21:06:18','20150201','2022-06-26 21:06:18',1,1,'','何欣然20150201',4,1,''),(180,'胡婉妍',3,6,'520111201501211824',2,'2022-06-26 21:06:18','20150121','2022-06-26 21:06:18',1,1,'','胡婉妍20150121',4,1,''),(181,'刘泽全',3,6,'520111201411251814',1,'2022-06-26 21:06:18','20141125','2022-06-26 21:06:18',1,1,'','刘泽全20141125',4,1,''),(182,'龙曾垚',3,6,'520111201506151867',2,'2022-06-26 21:06:18','20150615','2022-06-26 21:06:18',1,1,'','龙曾垚20150615',4,1,''),(183,'罗文蒂',3,6,'520111201410071811',1,'2022-06-26 21:06:18','20141007','2022-06-26 21:06:18',1,1,'','罗文蒂20141007',4,1,''),(184,'蓬家诚',3,6,'520111201502011816',1,'2022-06-26 21:06:18','20150201','2022-06-26 21:06:18',1,1,'','蓬家诚20150201',4,1,''),(185,'钱俊锋',3,6,'52011120150428181X',1,'2022-06-26 21:06:18','20150428','2022-06-26 21:06:18',1,1,'','钱俊锋20150428',4,1,''),(186,'王陈思李',3,6,'520111201508021812',1,'2022-06-26 21:06:18','20150802','2022-06-26 21:06:18',1,1,'','王陈思李20150802',4,1,''),(187,'王楚荣',3,6,'520111201502121812',1,'2022-06-26 21:06:18','20150215','2022-06-26 21:06:18',1,1,'','王楚荣20150212',4,1,''),(188,'王皓文',3,6,'520111201410131810',1,'2022-06-26 21:06:18','20141013','2022-06-26 21:06:18',1,1,'','王皓文20141013',4,1,''),(189,'王明英',3,6,'520111201501201829',2,'2022-06-26 21:06:18','20150120','2022-06-26 21:06:18',1,1,'','王明英20150120',4,1,''),(190,'王世俊',3,6,'520111201508251810',1,'2022-06-26 21:06:18','20150825','2022-06-26 21:06:18',1,1,'','王世俊20150825',4,1,''),(191,'王雨瑶',3,6,'520103201411099349',2,'2022-06-26 21:06:18','20141109','2022-06-26 21:06:18',1,1,'','王雨瑶20141109',4,1,''),(192,'王玉平',3,6,'520111201508031818',1,'2022-06-26 21:06:18','20150803','2022-06-26 21:06:18',1,1,'','王玉平20150803',4,1,''),(193,'王梓贵',3,6,'52011120150828185X',1,'2022-06-26 21:06:18','20150828','2022-06-26 21:06:18',1,1,'','王梓贵20150828',4,1,''),(194,'杨骏杰',3,6,'520111201412241810',1,'2022-06-26 21:06:18','20141224','2022-06-26 21:06:18',1,1,'','杨骏杰20141224',4,1,''),(195,'余杨靖',3,6,'520111201508281825',2,'2022-06-26 21:06:18','20150828','2022-06-26 21:06:18',1,1,'','余杨靖20150828',4,1,''),(196,'罗思涵',3,6,'520114201501251227',2,'2022-06-26 21:06:18','20150125','2022-06-26 21:06:18',1,1,'','罗思涵20150125',4,1,''),(197,'卫清叶',3,6,'52011120150405422X',2,'2022-06-26 21:06:18','20150405','2022-06-26 21:06:18',1,1,'','卫清叶20150405',4,1,''),(198,'杨智青',3,6,'520111201503233023',2,'2022-06-26 21:06:18','20150323','2022-06-26 21:06:18',1,1,'','杨智青20150323',4,1,''),(199,'陈芷瑶',3,6,'522423201503306724',2,'2022-06-26 21:06:18','20150330','2022-06-26 21:06:18',1,1,'','陈芷瑶20150330',4,1,''),(200,'王仕荣',3,6,'522730201506250412',1,'2022-06-26 21:06:18','20150625','2022-06-26 21:06:18',1,1,'','王仕荣20150625',4,1,''),(201,'吴妤馨',3,6,'520421201505112224',2,'2022-06-26 21:06:18','20150511','2022-06-26 21:06:18',1,1,'','吴妤馨20150511',4,1,''),(202,'徐世豪',3,6,'520321201409301812',1,'2022-06-26 21:06:18','20140930','2022-06-26 21:06:18',1,1,'','徐世豪20140930',4,1,''),(203,'杨子涵',3,6,'522229201410315418',1,'2022-06-26 21:06:18','19050706','2022-06-26 21:06:18',1,1,'','杨子涵20141031',4,1,''),(204,'朱妙然',3,6,'522730201504200446',2,'2022-06-26 21:06:18','20150420','2022-06-26 21:06:18',1,1,'','朱妙然20150420',4,1,''),(205,'柏富阳',3,6,'510921201502114377',1,'2022-06-26 21:06:18','20150211','2022-06-26 21:06:18',1,1,'','柏富阳20150211',4,1,''),(206,'陈瑾瑜',3,6,'511421201507231752',1,'2022-06-26 21:06:18','20150723','2022-06-26 21:06:18',1,1,'','陈瑾瑜20150723',4,1,''),(207,'陈一诺',3,6,'130434201410086042',2,'2022-06-26 21:06:18','20141008','2022-06-26 21:06:18',1,1,'','陈一诺20141008',4,1,''),(208,'陈於义',3,6,'420821201507015514',1,'2022-06-26 21:06:18','20150701','2022-06-26 21:06:18',1,1,'','陈於义20150701',4,1,''),(209,'付安韦',3,6,'511304201411162412',1,'2022-06-26 21:06:18','20141116','2022-06-26 21:06:18',1,1,'','付安韦20141116',4,1,''),(210,'郭宇洋',3,6,'411324201410090332',1,'2022-06-26 21:06:18','20141009','2022-06-26 21:06:18',1,1,'','郭宇洋20141009',4,1,''),(211,'周浩宇',3,6,'51130220141227291X',1,'2022-06-26 21:06:18','20141227','2022-06-26 21:06:18',1,1,'','周浩宇20141227',4,1,''),(212,'李雨曼',3,6,'520181201507192627',2,'2022-06-26 21:06:18','20150719','2022-06-26 21:06:18',1,1,'','李雨曼20150719',4,1,''),(213,'卢海瑞',3,6,'52010220141102341X',1,'2022-06-26 21:06:18','20141102','2022-06-26 21:06:18',1,1,'','卢海瑞20141102',4,1,''),(214,'沈逸萱',3,6,'52012120150311342X',2,'2022-06-26 21:06:18','20150311','2022-06-26 21:06:18',1,1,'','沈逸萱20150311',4,1,''),(215,'杨雨泽',3,6,'522731201503167038',1,'2022-06-26 21:06:18','20150316','2022-06-26 21:06:18',1,1,'','杨雨泽20150316',4,1,''),(216,'花宇杭',3,7,'11111120141105b13e',1,'2022-06-26 21:06:18','20141105','2022-06-26 21:06:18',1,1,'','花宇杭20141105',4,1,''),(217,'班明汪',3,6,'520111201411051812',1,'2022-06-26 21:06:18','20141105','2022-06-26 21:06:18',1,1,'','班明汪20141105',5,1,''),(218,'班桐煊',3,6,'520111201504061817',1,'2022-06-26 21:06:18','20150406','2022-06-26 21:06:18',1,1,'','班桐煊20150406',5,1,''),(219,'陈洪超',3,6,'520111201409021817',1,'2022-06-26 21:06:18','20140902','2022-06-26 21:06:18',1,1,'','陈洪超20140902',5,1,''),(220,'陈俊毅',3,6,'520111201502121839',1,'2022-06-26 21:06:18','20150212','2022-06-26 21:06:18',1,1,'','陈俊毅20150212',5,1,''),(221,'陈可馨',3,6,'520111201503181825',2,'2022-06-26 21:06:18','20150318','2022-06-26 21:06:18',1,1,'','陈可馨20150318',5,1,''),(222,'陈思颖',3,6,'52011120141103182X',2,'2022-06-26 21:06:18','20141103','2022-06-26 21:06:18',1,1,'','陈思颖20141103',5,1,''),(223,'陈正勇',3,6,'52011120150612181X',1,'2022-06-26 21:06:18','20150612','2022-06-26 21:06:18',1,1,'','陈正勇20150612',5,1,''),(224,'陈致昊',3,6,'520111201410201815',1,'2022-06-26 21:06:18','20141020','2022-06-26 21:06:18',1,1,'','陈致昊20141020',5,1,''),(225,'陈梓婧',3,6,'520111201508171829',2,'2022-06-26 21:06:18','20150817','2022-06-26 21:06:18',1,1,'','陈梓婧20150817',5,1,''),(226,'冷雨薇',3,6,'520111201410171820',2,'2022-06-26 21:06:18','20141017','2022-06-26 21:06:18',1,1,'','冷雨薇20141017',5,1,''),(227,'林佳欣',3,6,'522401201501137025',2,'2022-06-26 21:06:18','20150113','2022-06-26 21:06:18',1,1,'','林佳欣20150113',5,1,''),(228,'刘隽豪',3,6,'520111201409301819',1,'2022-06-26 21:06:18','20140930','2022-06-26 21:06:18',1,1,'','刘隽豪20140930',5,1,''),(229,'刘隽杰',3,6,'520111201501231833',1,'2022-06-26 21:06:18','20150123','2022-06-26 21:06:18',1,1,'','刘隽杰20150123',5,1,''),(230,'刘源楠',3,6,'520111201507131817',1,'2022-06-26 21:06:18','20150713','2022-06-26 21:06:18',1,1,'','刘源楠20150713',5,1,''),(231,'刘子萱',3,6,'520111201505241828',2,'2022-06-26 21:06:18','20150524','2022-06-26 21:06:18',1,1,'','刘子萱20150524',5,1,''),(232,'龙家俊',3,6,'520111201411220110',1,'2022-06-26 21:06:18','20141122','2022-06-26 21:06:18',1,1,'','龙家俊20141122',5,1,''),(233,'龙家翔',3,6,'520111201409291817',1,'2022-06-26 21:06:18','20140929','2022-06-26 21:06:18',1,1,'','龙家翔20140929',5,1,''),(234,'罗玉洁',3,6,'520111201507161821',2,'2022-06-26 21:06:18','20150716','2022-06-26 21:06:18',1,1,'','罗玉洁20150716',5,1,''),(235,'吕夏云',3,6,'520111201502281816',1,'2022-06-26 21:06:18','20150228','2022-06-26 21:06:18',1,1,'','吕夏云20150228',5,1,''),(236,'潘贵诚',3,6,'520111201411021816',1,'2022-06-26 21:06:18','20141102','2022-06-26 21:06:18',1,1,'','潘贵诚20141102',5,1,''),(237,'史宇航',3,6,'520111201508301830',1,'2022-06-26 21:06:18','20150830','2022-06-26 21:06:18',1,1,'','史宇航20150830',5,1,''),(238,'王明祥',3,6,'520111201508211819',1,'2022-06-26 21:06:18','20150821','2022-06-26 21:06:18',1,1,'','王明祥20150821',5,1,''),(239,'王庭祥',3,6,'520111201411101816',1,'2022-06-26 21:06:18','20141110','2022-06-26 21:06:18',1,1,'','王庭祥20141110',5,1,''),(240,'王欣',3,6,'520111201502161822',2,'2022-06-26 21:06:18','20150216','2022-06-26 21:06:18',1,1,'','王欣20150216',5,1,''),(241,'王艺豪',3,6,'51052520150305009X',1,'2022-06-26 21:06:18','20150305','2022-06-26 21:06:18',1,1,'','王艺豪20150305',5,1,''),(242,'吴若彤',3,6,'520111201412271825',2,'2022-06-26 21:06:18','20141227','2022-06-26 21:06:18',1,1,'','吴若彤20141227',5,1,''),(243,'杨明熏',3,6,'52011120140928182X',2,'2022-06-26 21:06:18','20140928','2022-06-26 21:06:18',1,1,'','杨明熏20140928',5,1,''),(244,'杨欣婷',3,6,'520111201506111822',2,'2022-06-26 21:06:18','20150611','2022-06-26 21:06:18',1,1,'','杨欣婷20150611',5,1,''),(245,'杨妍萱',3,6,'520111201410111844',2,'2022-06-26 21:06:18','20141011','2022-06-26 21:06:18',1,1,'','杨妍萱20141011',5,1,''),(246,'杨紫寒',3,6,'520111201410111828',2,'2022-06-26 21:06:18','20141011','2022-06-26 21:06:18',1,1,'','杨紫寒20141011',5,1,''),(247,'张鑫浩',3,6,'52011120150222183X',1,'2022-06-26 21:06:18','20150222','2022-06-26 21:06:18',1,1,'','张鑫浩20150222',5,1,''),(248,'张艺馨',3,6,'520111201412281820',2,'2022-06-26 21:06:18','20141228','2022-06-26 21:06:18',1,1,'','张艺馨20141228',5,1,''),(249,'周陈瑞',3,6,'520111201502081830',1,'2022-06-26 21:06:18','20150208','2022-06-26 21:06:18',1,1,'','周陈瑞20150208',5,1,''),(250,'朱新锴',3,6,'520111201503191812',1,'2022-06-26 21:06:18','20150319','2022-06-26 21:06:18',1,1,'','朱新锴20150319',5,1,''),(251,'陈梓怡',3,6,'522425201506041226',2,'2022-06-26 21:06:18','20150604','2022-06-26 21:06:18',1,1,'','陈梓怡20150604',5,1,''),(252,'王中开',3,6,'522426201410214432',1,'2022-06-26 21:06:18','20141021','2022-06-26 21:06:18',1,1,'','王中开20141021',5,1,''),(253,'向静怡',3,6,'522224201410272823',2,'2022-06-26 21:06:18','20141027','2022-06-26 21:06:18',1,1,'','向静怡20141027',5,1,''),(254,'谢文皓',3,6,'522730201411030417',1,'2022-06-26 21:06:18','20141103','2022-06-26 21:06:18',1,1,'','谢文皓20141103',5,1,''),(255,'杨欣玥',3,6,'522228201506263425',2,'2022-06-26 21:06:18','20150626','2022-06-26 21:06:18',1,1,'','杨欣玥20150626',5,1,''),(256,'段俊哲',3,6,'320382201501290330',1,'2022-06-26 21:06:18','20150129','2022-06-26 21:06:18',1,1,'','段俊哲20150129',5,1,''),(257,'刘心怡',3,6,'411324201504170181',2,'2022-06-26 21:06:18','20150417','2022-06-26 21:06:18',1,1,'','刘心怡20150417',5,1,''),(258,'王浩瀚',3,6,'411324201410070219',1,'2022-06-26 21:06:18','20141007','2022-06-26 21:06:18',1,1,'','王浩瀚20141007',5,1,''),(259,'杨晓贝',3,6,'532927201411030948',2,'2022-06-26 21:06:18','20141103','2022-06-26 21:06:18',1,1,'','杨晓贝20141103',5,1,''),(260,'张宇城',3,6,'350182201411020075',1,'2022-06-26 21:06:18','20141102','2022-06-26 21:06:18',1,1,'','张宇城20141102',5,1,''),(261,'丁锦浩',3,6,'522731201502122532',1,'2022-06-26 21:06:18','20150212','2022-06-26 21:06:18',1,1,'','丁锦浩20150212',5,1,''),(262,'唐瑜岐',3,6,'52012120150606124X',2,'2022-06-26 21:06:18','20150606','2022-06-26 21:06:18',1,1,'','唐瑜岐20150606',5,1,''),(263,'杨胤兴',3,6,'520123201409060432',1,'2022-06-26 21:06:18','20140906','2022-06-26 21:06:18',1,1,'','杨胤兴20140906',5,1,''),(264,'蔡子墨',3,6,'520111201411221818',1,'2022-06-26 21:06:18','20141122','2022-06-26 21:06:18',1,1,'','蔡子墨20141122',6,1,''),(265,'曾耀阳',3,6,'520111201503161875',1,'2022-06-26 21:06:18','20150316','2022-06-26 21:06:18',1,1,'','曾耀阳20150316',6,1,''),(266,'曾已瀛',3,6,'520111201411160170',1,'2022-06-26 21:06:18','20141116','2022-06-26 21:06:18',1,1,'','曾已瀛20141116',6,1,''),(267,'陈锦礼',3,6,'52011120150727181X',1,'2022-06-26 21:06:18','20150727','2022-06-26 21:06:18',1,1,'','陈锦礼20150727',6,1,''),(268,'陈锦燃',3,6,'520111201501311817',1,'2022-06-26 21:06:18','20150131','2022-06-26 21:06:18',1,1,'','陈锦燃20150131',6,1,''),(269,'陈坤俊',3,6,'520111201505101817',1,'2022-06-26 21:06:18','20150510','2022-06-26 21:06:18',1,1,'','陈坤俊20150510',6,1,''),(270,'陈睿菡',3,6,'520111201410211861',2,'2022-06-26 21:06:18','20141021','2022-06-26 21:06:18',1,1,'','陈睿菡20141021',6,1,''),(271,'陈诗洋',3,6,'520111201505141843',2,'2022-06-26 21:06:18','20150514','2022-06-26 21:06:18',1,1,'','陈诗洋20150514',6,1,''),(272,'陈永秀',3,6,'520111201411071821',2,'2022-06-26 21:06:18','20141107','2022-06-26 21:06:18',1,1,'','陈永秀20141107',6,1,''),(273,'代朝宇',3,6,'522423201412207712',1,'2022-06-26 21:06:18','20141220','2022-06-26 21:06:18',1,1,'','代朝宇20141220',6,1,''),(274,'付嘉豪',3,6,'520111201506121836',1,'2022-06-26 21:06:18','20150612','2022-06-26 21:06:18',1,1,'','付嘉豪20150612',6,1,''),(275,'黄贵杰',3,6,'52011120150217181X',1,'2022-06-26 21:06:18','20150217','2022-06-26 21:06:18',1,1,'','黄贵杰20150217',6,1,''),(276,'贾丽静',3,6,'520111201505221827',2,'2022-06-26 21:06:18','20150522','2022-06-26 21:06:18',1,1,'','贾丽静20150522',6,1,''),(277,'敬继浩',3,6,'520111201503281818',1,'2022-06-26 21:06:18','20150328','2022-06-26 21:06:18',1,1,'','敬继浩20150328',6,1,''),(278,'李艾琳',3,6,'520111201409231849',2,'2022-06-26 21:06:18','20140923','2022-06-26 21:06:18',1,1,'','李艾琳20140923',6,1,''),(279,'李佳丽',3,6,'520111201507101829',2,'2022-06-26 21:06:18','20150710','2022-06-26 21:06:18',1,1,'','李佳丽20150710',6,1,''),(280,'李龙瑞',3,6,'520114201501121211',1,'2022-06-26 21:06:18','20150112','2022-06-26 21:06:18',1,1,'','李龙瑞20150112',6,1,''),(281,'李天运',3,6,'520111201502061813',1,'2022-06-26 21:06:18','20150206','2022-06-26 21:06:18',1,1,'','李天运20150206',6,1,''),(282,'李远铭卓',3,6,'520111201412011812',1,'2022-06-26 21:06:18','20141201','2022-06-26 21:06:18',1,1,'','李远铭卓20141201',6,1,''),(283,'刘煜琦',3,6,'520111201506251825',2,'2022-06-26 21:06:18','20150625','2022-06-26 21:06:18',1,1,'','刘煜琦20150625',6,1,''),(284,'龙向炜',3,6,'52011120140924181X',1,'2022-06-26 21:06:18','20140924','2022-06-26 21:06:18',1,1,'','龙向炜20140924',6,1,''),(285,'卢子涵',3,6,'520111201503061815',1,'2022-06-26 21:06:18','20150306','2022-06-26 21:06:18',1,1,'','卢子涵20150306',6,1,''),(286,'罗梓伊',3,6,'520111201504101823',2,'2022-06-26 21:06:18','20150410','2022-06-26 21:06:18',1,1,'','罗梓伊20150410',6,1,''),(287,'任舒涵',3,6,'52011120141005152X',2,'2022-06-26 21:06:18','20141005','2022-06-26 21:06:18',1,1,'','任舒涵20141005',6,1,''),(288,'帅学晴',3,6,'520111201503281826',2,'2022-06-26 21:06:18','20150328','2022-06-26 21:06:18',1,1,'','帅学晴20150328',6,1,''),(289,'汤玉涵',3,6,'520111201410091820',2,'2022-06-26 21:06:18','20141009','2022-06-26 21:06:18',1,1,'','汤玉涵20141009',6,1,''),(290,'庭紫琪',3,6,'520111201410111860',2,'2022-06-26 21:06:18','20141011','2022-06-26 21:06:18',1,1,'','庭紫琪20141011',6,1,''),(291,'王可馨',3,6,'520111201412161829',2,'2022-06-26 21:06:18','20141216','2022-06-26 21:06:18',1,1,'','王可馨20141216',6,1,''),(292,'王群策',3,6,'520111201502281824',2,'2022-06-26 21:06:18','20150228','2022-06-26 21:06:18',1,1,'','王群策20150228',6,1,''),(293,'王星星',3,6,'52011120150704182X',2,'2022-06-26 21:06:18','20150704','2022-06-26 21:06:18',1,1,'','王星星20150704',6,1,''),(294,'王玉权',3,6,'520111201409141835',1,'2022-06-26 21:06:18','20140914','2022-06-26 21:06:18',1,1,'','王玉权20140914',6,1,''),(295,'王忠金',3,6,'520111201409211813',1,'2022-06-26 21:06:18','20140921','2022-06-26 21:06:18',1,1,'','王忠金20140921',6,1,''),(296,'魏俊瀚',3,6,'520111201410011819',1,'2022-06-26 21:06:18','20141001','2022-06-26 21:06:18',1,1,'','魏俊瀚20141001',6,1,''),(297,'吴明哲',3,6,'520111201410231838',1,'2022-06-26 21:06:18','20141023','2022-06-26 21:06:18',1,1,'','吴明哲20141023',6,1,''),(298,'吴字杰',3,6,'520111201505011811',1,'2022-06-26 21:06:18','20150501','2022-06-26 21:06:18',1,1,'','吴字杰20150501',6,1,''),(299,'谢达兴',3,6,'520111201508051819',1,'2022-06-26 21:06:18','20150805','2022-06-26 21:06:18',1,1,'','谢达兴20150805',6,1,''),(300,'杨规俊',3,6,'522627201507100834',1,'2022-06-26 21:06:18','20150710','2022-06-26 21:06:18',1,1,'','杨规俊20150710',6,1,''),(301,'杨钧',3,6,'52011120150202182X',2,'2022-06-26 21:06:18','20150202','2022-06-26 21:06:18',1,1,'','杨钧20150202',6,1,''),(302,'杨兴燕',3,6,'520111201504261827',2,'2022-06-26 21:06:18','20150426','2022-06-26 21:06:18',1,1,'','杨兴燕20150426',6,1,''),(303,'杨秀',3,6,'520111201507131825',2,'2022-06-26 21:06:18','20150713','2022-06-26 21:06:18',1,1,'','杨秀20150713',6,1,''),(304,'杨熠彤',3,6,'520111201507241821',2,'2022-06-26 21:06:18','20150724','2022-06-26 21:06:18',1,1,'','杨熠彤20150724',6,1,''),(305,'周维毅',3,6,'520114201507271210',1,'2022-06-26 21:06:18','20150727','2022-06-26 21:06:18',1,1,'','周维毅20150727',6,1,''),(306,'周榆洋',3,6,'522425201504230939',1,'2022-06-26 21:06:18','20150423','2022-06-26 21:06:18',1,1,'','周榆洋20150423',6,1,''),(307,'邹静怡',3,6,'520111201503150420',2,'2022-06-26 21:06:18','20150315','2022-06-26 21:06:18',1,1,'','邹静怡20150315',6,1,''),(308,'雷镇荣',3,6,'522623201411100017',1,'2022-06-26 21:06:18','20141110','2022-06-26 21:06:18',1,1,'','雷镇荣20141110',6,1,''),(309,'邱传悦',3,6,'522730201503170425',2,'2022-06-26 21:06:18','20150317','2022-06-26 21:06:18',1,1,'','邱传悦20150317',6,1,''),(310,'冯梓恒',3,6,'640104201506222833',1,'2022-06-26 21:06:18','20150622','2022-06-26 21:06:18',1,1,'','冯梓恒20150622',6,1,''),(311,'余若萱',3,6,'530627201409180543',2,'2022-06-26 21:06:18','20140918','2022-06-26 21:06:18',1,1,'','余若萱20140918',6,1,''),(312,'李正胧',3,6,'520122201412260674',1,'2022-06-26 21:06:18','20141226','2022-06-26 21:06:18',1,1,'','李正胧20141226',6,1,''),(313,'蒋卿林',3,7,'520111201311291835',1,'2022-06-26 21:06:18','20131129','2022-06-26 21:06:18',1,1,'','蒋卿林20131129',11,2,''),(314,'王子睿',3,7,'522730201406050413',1,'2022-06-26 21:06:18','20140605','2022-06-26 21:06:18',1,1,'','王子睿20140605',11,2,''),(315,'田旭尧',3,8,'520111201308291818',1,'2022-06-26 21:06:18','20130829','2022-06-26 21:06:18',1,1,'','田旭尧20130829',11,2,''),(316,'刘善琨',3,7,'52011120131227181X',1,'2022-06-26 21:06:18','20131227','2022-06-26 21:06:18',1,1,'','刘善琨20131227',11,2,''),(317,'张晨希',3,7,'520111201407151829',2,'2022-06-26 21:06:18','20140715','2022-06-26 21:06:18',1,1,'','张晨希20140715',11,2,''),(318,'郑浩宇',3,7,'520111201405311833',1,'2022-06-26 21:06:18','20140531','2022-06-26 21:06:18',1,1,'','郑浩宇20140531',11,2,''),(319,'李诗宇',3,7,'520111201408291815',1,'2022-06-26 21:06:18','20140829','2022-06-26 21:06:18',1,1,'','李诗宇20140829',11,2,''),(320,'王芷萱',3,7,'520111201405161820',2,'2022-06-26 21:06:18','20140516','2022-06-26 21:06:18',1,1,'','王芷萱20140516',11,2,''),(321,'李相棋',3,7,'520111201401061849',2,'2022-06-26 21:06:18','20140106','2022-06-26 21:06:18',1,1,'','李相棋20140106',11,2,''),(322,'杨礼瑞',3,7,'520111201403011810',1,'2022-06-26 21:06:18','20140301','2022-06-26 21:06:18',1,1,'','杨礼瑞20140301',11,2,''),(323,'王易航',3,7,'520111201404171816',1,'2022-06-26 21:06:18','20140417','2022-06-26 21:06:18',1,1,'','王易航20140417',11,2,''),(324,'王万千',3,7,'520111201311201852',1,'2022-06-26 21:06:18','20131120','2022-06-26 21:06:18',1,1,'','王万千20131120',11,2,''),(325,'陈锦辉',3,7,'520111201408111810',1,'2022-06-26 21:06:18','20140811','2022-06-26 21:06:18',1,1,'','陈锦辉20140811',11,2,''),(326,'黄尹翔',3,7,'520111201403151813',1,'2022-06-26 21:06:18','20140315','2022-06-26 21:06:18',1,1,'','黄尹翔20140315',11,2,''),(327,'杨婧晞 ',3,7,'520111201402111828',2,'2022-06-26 21:06:18','20140211','2022-06-26 21:06:18',1,1,'','杨婧晞 20140211',11,2,''),(328,'王柏桦',3,7,'520111201406161857',1,'2022-06-26 21:06:18','20140616','2022-06-26 21:06:18',1,1,'','王柏桦20140616',11,2,''),(329,'陈钰芳涵',3,7,'520111201405021828',2,'2022-06-26 21:06:18','20140502','2022-06-26 21:06:18',1,1,'','陈钰芳涵20140502',11,2,''),(330,'王明群',3,7,'520111201312131841',2,'2022-06-26 21:06:18','20131213','2022-06-26 21:06:18',1,1,'','王明群20131213',11,2,''),(331,'王明洋',3,7,'520111201312141812',1,'2022-06-26 21:06:18','20131214','2022-06-26 21:06:18',1,1,'','王明洋20131214',11,2,''),(332,'张雨涵',3,7,'520111201405091826',2,'2022-06-26 21:06:18','20140509','2022-06-26 21:06:18',1,1,'','张雨涵20140509',11,2,''),(333,'陈玉然',3,7,'520111201404011820',2,'2022-06-26 21:06:18','20140401','2022-06-26 21:06:18',1,1,'','陈玉然20140401',11,2,''),(334,'陈昌伶',3,7,'520111201408061825',2,'2022-06-26 21:06:18','20140806','2022-06-26 21:06:18',1,1,'','陈昌伶20140806',11,2,''),(335,'陈昌慧',3,7,'520111201309081820',2,'2022-06-26 21:06:18','20130908','2022-06-26 21:06:18',1,1,'','陈昌慧20130908',11,2,''),(336,'陈荣埼',3,7,'520111201408181827',2,'2022-06-26 21:06:18','20140818','2022-06-26 21:06:18',1,1,'','陈荣埼20140818',11,2,''),(337,'陈彦希',3,7,'520111201405151817',1,'2022-06-26 21:06:18','20140515','2022-06-26 21:06:18',1,1,'','陈彦希20140515',11,2,''),(338,'王子帅',3,7,'520111201309031815',1,'2022-06-26 21:06:18','20130903','2022-06-26 21:06:18',1,1,'','王子帅20130903',11,2,''),(339,'陈德鑫',3,7,'520111201405311817',1,'2022-06-26 21:06:18','20140531','2022-06-26 21:06:18',1,1,'','陈德鑫20140531',11,2,''),(340,'陈诗语',3,7,'52011120131220182X',2,'2022-06-26 21:06:18','20131220','2022-06-26 21:06:18',1,1,'','陈诗语20131220',11,2,''),(341,'姚超淇',3,7,'520111201403271823',2,'2022-06-26 21:06:18','20140327','2022-06-26 21:06:18',1,1,'','姚超淇20140327',11,2,''),(342,'陈科宇',3,7,'500226201408225216',1,'2022-06-26 21:06:18','20140822','2022-06-26 21:06:18',1,1,'','陈科宇20140822',11,2,''),(343,'柏英睿',3,7,'420607201407211878',1,'2022-06-26 21:06:18','20140721','2022-06-26 21:06:18',1,1,'','柏英睿20140721',11,2,''),(344,'班荟仪',3,7,'520103201404129060',2,'2022-06-26 21:06:18','20140412','2022-06-26 21:06:18',1,1,'','班荟仪20140412',11,2,''),(345,'杨光欣',3,7,'52011120140514182X',2,'2022-06-26 21:06:18','20140514','2022-06-26 21:06:18',1,1,'','杨光欣20140514',11,2,''),(346,'柏博涵',3,7,'520111201312121811',1,'2022-06-26 21:06:18','20131212','2022-06-26 21:06:18',1,1,'','柏博涵20131212',11,2,''),(347,'赵云昊',3,7,'520111201401222710',1,'2022-06-26 21:06:18','20140122','2022-06-26 21:06:18',1,1,'','赵云昊20140122',11,2,''),(348,'王少奇',3,7,'52011120131226453X',1,'2022-06-26 21:06:18','20131226','2022-06-26 21:06:18',1,1,'','王少奇20131226',11,2,''),(349,'王培旭',3,7,'520114201402241250',1,'2022-06-26 21:06:18','20140224','2022-06-26 21:06:18',1,1,'','王培旭20140224',11,2,''),(350,'陈楷微',3,7,'520114201309191228',2,'2022-06-26 21:06:18','20130919','2022-06-26 21:06:18',1,1,'','陈楷微20130919',11,2,''),(351,'刘棽蘖',3,7,'520103201408097617',1,'2022-06-26 21:06:18','20140809','2022-06-26 21:06:18',1,1,'','刘棽蘖20140809',11,2,''),(352,'张洪耀',3,7,'522622201312151517',1,'2022-06-26 21:06:18','20131215','2022-06-26 21:06:18',1,1,'','张洪耀20131215',11,2,''),(353,'王雨涵',3,7,'522423201312170027',2,'2022-06-26 21:06:18','20131217','2022-06-26 21:06:18',1,1,'','王雨涵20131217',11,2,''),(354,'李诗韵',3,7,'522425201311266644',2,'2022-06-26 21:06:18','20131126','2022-06-26 21:06:18',1,1,'','李诗韵20131126',11,2,''),(355,'卢金燕',3,7,'520327201404147527',2,'2022-06-26 21:06:18','20140414','2022-06-26 21:06:18',1,1,'','卢金燕20140414',11,2,''),(356,'王昱媛',3,7,'522423201310280425',2,'2022-06-26 21:06:18','20131028','2022-06-26 21:06:18',1,1,'','王昱媛20131028',11,2,''),(357,'田晋印',3,7,'522229201406181015',1,'2022-06-26 21:06:18','20140618','2022-06-26 21:06:18',1,1,'','田晋印20140618',11,2,''),(358,'焦瑾璘',3,7,'522425201311057842',2,'2022-06-26 21:06:18','20131105','2022-06-26 21:06:18',1,1,'','焦瑾璘20131105',11,2,''),(359,'张邹中瑞',3,7,'522730201309121531',1,'2022-06-26 21:06:18','20130912','2022-06-26 21:06:18',1,1,'','张邹中瑞20130912',11,2,''),(360,'杜博文',3,7,'522422201404292818',1,'2022-06-26 21:06:18','20140429','2022-06-26 21:06:18',1,1,'','杜博文20140429',11,2,''),(361,'赵彦锐',3,7,'37083220130928331X',1,'2022-06-26 21:06:18','20130928','2022-06-26 21:06:18',1,1,'','赵彦锐20130928',11,2,''),(362,'李晨一',3,7,'500240201405034091',1,'2022-06-26 21:06:18','20140503','2022-06-26 21:06:18',1,1,'','李晨一20140503',11,2,''),(363,'谢佳骏',3,7,'43132120140509013X',1,'2022-06-26 21:06:18','20140509','2022-06-26 21:06:18',1,1,'','谢佳骏20140509',11,2,''),(364,'杨紫馨',3,7,'360782201404084120',2,'2022-06-26 21:06:18','20140408','2022-06-26 21:06:18',1,1,'','杨紫馨20140408',11,2,''),(365,'王怡然',3,8,'11111120140826b5e8',2,'2022-06-26 21:06:18','20140826','2022-06-26 21:06:18',1,1,'','王怡然20140826',11,2,''),(366,'王叙阳',3,7,'520111201403271815',1,'2022-06-26 21:06:18','20140327','2022-06-26 21:06:18',1,1,'','王叙阳20140327',12,2,''),(367,'冯漫妮',3,7,'520111201406091828',2,'2022-06-26 21:06:18','20140609','2022-06-26 21:06:18',1,1,'','冯漫妮20140609',12,2,''),(368,'陈天航',3,7,'520111201408131811',1,'2022-06-26 21:06:18','20140813','2022-06-26 21:06:18',1,1,'','陈天航20140813',12,2,''),(369,'杨子轩',3,7,'52011120140809183X',1,'2022-06-26 21:06:18','20140809','2022-06-26 21:06:18',1,1,'','杨子轩20140809',12,2,''),(370,'邹甲锋',3,7,'520111201312171835',1,'2022-06-26 21:06:18','20131217','2022-06-26 21:06:18',1,1,'','邹甲锋20131217',12,2,''),(371,'陈天椒',3,7,'520111201401171829',2,'2022-06-26 21:06:18','20140117','2022-06-26 21:06:18',1,1,'','陈天椒20140117',12,2,''),(372,'赵毅涵',3,7,'232723201406020035',1,'2022-06-26 21:06:18','20140602','2022-06-26 21:06:18',1,1,'','赵毅涵20140602',12,2,''),(373,'王皓',3,7,'520111201310061819',1,'2022-06-26 21:06:18','20131006','2022-06-26 21:06:18',1,1,'','王皓20131006',12,2,''),(374,'王莹',3,7,'522730201404131527',2,'2022-06-26 21:06:18','20140413','2022-06-26 21:06:18',1,1,'','王莹20140413',12,2,''),(375,'班欣彤',3,7,'52011120140629182X',2,'2022-06-26 21:06:18','20140629','2022-06-26 21:06:18',1,1,'','班欣彤20140629',12,2,''),(376,'王德坤',3,7,'520111201402231811',1,'2022-06-26 21:06:18','20140223','2022-06-26 21:06:18',1,1,'','王德坤20140223',12,2,''),(377,'王玉湘',3,7,'520111201309271827',2,'2022-06-26 21:06:18','20130927','2022-06-26 21:06:18',1,1,'','王玉湘20130927',12,2,''),(378,'陈佳明昊',3,7,'520111201312091819',1,'2022-06-26 21:06:18','20131209','2022-06-26 21:06:18',1,1,'','陈佳明昊20131209',12,2,''),(379,'王玉豪',3,7,'520111201309071817',1,'2022-06-26 21:06:18','20130907','2022-06-26 21:06:18',1,1,'','王玉豪20130907',12,2,''),(380,'黄乙卿',3,7,'520111201309091818',1,'2022-06-26 21:06:18','20130909','2022-06-26 21:06:18',1,1,'','黄乙卿20130909',12,2,''),(381,'张芸馨',3,7,'520111201312131825',2,'2022-06-26 21:06:18','20131213','2022-06-26 21:06:18',1,1,'','张芸馨20131213',12,2,''),(382,'范首颖',3,7,'520321201309042227',2,'2022-06-26 21:06:18','20130904','2022-06-26 21:06:18',1,1,'','范首颖20130904',12,2,''),(383,'杨应苹',3,7,'52011120131116182X',2,'2022-06-26 21:06:18','20131116','2022-06-26 21:06:18',1,1,'','杨应苹20131116',12,2,''),(384,'罗嵩皓',3,7,'52010220140330641X',1,'2022-06-26 21:06:18','20140330','2022-06-26 21:06:18',1,1,'','罗嵩皓20140330',12,2,''),(385,'杨依辰',3,7,'522422201402210444',2,'2022-06-26 21:06:18','20140221','2022-06-26 21:06:18',1,1,'','杨依辰20140221',12,2,''),(386,'蹇诗琪',3,7,'520325201405033721',2,'2022-06-26 21:06:18','20140503','2022-06-26 21:06:18',1,1,'','蹇诗琪20140503',12,2,''),(387,'王浩博',3,7,'522730201405180419',1,'2022-06-26 21:06:18','20140518','2022-06-26 21:06:18',1,1,'','王浩博20140518',12,2,''),(388,'张钧瑞',3,7,'520111201406011832',1,'2022-06-26 21:06:18','20140601','2022-06-26 21:06:18',1,1,'','张钧瑞20140601',12,2,''),(389,'魏可馨',3,7,'522424201309101625',2,'2022-06-26 21:06:18','20130910','2022-06-26 21:06:18',1,1,'','魏可馨20130910',12,2,''),(390,'宋宇宸',3,7,'361127201406143853',1,'2022-06-26 21:06:18','20140614','2022-06-26 21:06:18',1,1,'','宋宇宸20140614',12,2,''),(391,'王章垽',3,7,'520111201402041815',1,'2022-06-26 21:06:18','20140204','2022-06-26 21:06:18',1,1,'','王章垽20140204',12,2,''),(392,'陈昌钦',3,7,'520111201310101841',2,'2022-06-26 21:06:18','20131010','2022-06-26 21:06:18',1,1,'','陈昌钦20131010',12,2,''),(393,'焦思语',3,7,'52242520140818782X',2,'2022-06-26 21:06:18','20140818','2022-06-26 21:06:18',1,1,'','焦思语20140818',12,2,''),(394,'王春妮',3,7,'520111201403261828',2,'2022-06-26 21:06:18','20140326','2022-06-26 21:06:18',1,1,'','王春妮20140326',12,2,''),(395,'王景一',3,7,'522422201404151644',2,'2022-06-26 21:06:18','20140415','2022-06-26 21:06:18',1,1,'','王景一20140415',12,2,''),(396,'靳喆麟',3,7,'520111201401161815',1,'2022-06-26 21:06:18','20140116','2022-06-26 21:06:18',1,1,'','靳喆麟20140116',12,2,''),(397,'钱书涵',3,7,'520222201405202025',2,'2022-06-26 21:06:18','20140520','2022-06-26 21:06:18',1,1,'','钱书涵20140520',12,2,''),(398,'刘仕杰',3,7,'522423201311246018',1,'2022-06-26 21:06:18','20131124','2022-06-26 21:06:18',1,1,'','刘仕杰20131124',12,2,''),(399,'唐光惠',3,7,'520111201406211826',2,'2022-06-26 21:06:18','20140621','2022-06-26 21:06:18',1,1,'','唐光惠20140621',12,2,''),(400,'王玉杰',3,7,'52011120130907185X',1,'2022-06-26 21:06:18','20130907','2022-06-26 21:06:18',1,1,'','王玉杰20130907',12,2,''),(401,'姚菀晴',3,7,'411024201405070226',2,'2022-06-26 21:06:18','20140507','2022-06-26 21:06:18',1,1,'','姚菀晴20140507',12,2,''),(402,'陈永慧',3,7,'520111201310101825',2,'2022-06-26 21:06:18','20131010','2022-06-26 21:06:18',1,1,'','陈永慧20131010',12,2,''),(403,'王玉淞',3,7,'520111201408041816',1,'2022-06-26 21:06:18','20140804','2022-06-26 21:06:18',1,1,'','王玉淞20140804',12,2,''),(404,'平学晨曦',3,7,'520111201404301828',2,'2022-06-26 21:06:18','20140430','2022-06-26 21:06:18',1,1,'','平学晨曦20140430',12,2,''),(405,'李涵宇',3,7,'520111201312151826',2,'2022-06-26 21:06:18','20131215','2022-06-26 21:06:18',1,1,'','李涵宇20131215',12,2,''),(406,'刘兀林',3,7,'520323201309271030',1,'2022-06-26 21:06:18','20130927','2022-06-26 21:06:18',1,1,'','刘兀林20130927',12,2,''),(407,'周明鑫',3,7,'520111201404241810',1,'2022-06-26 21:06:18','20140424','2022-06-26 21:06:18',1,1,'','周明鑫20140424',12,2,''),(408,'王世优',3,7,'520222201403036318',1,'2022-06-26 21:06:18','20140303','2022-06-26 21:06:18',1,1,'','王世优20140303',12,2,''),(409,'段浩克',3,7,'320382201310220751',1,'2022-06-26 21:06:19','20131022','2022-06-26 21:06:19',1,1,'','段浩克20131022',12,2,''),(410,'李忞皓',3,8,'111111201405049590',1,'2022-06-26 21:06:19','20140504','2022-06-26 21:06:19',1,1,'','李忞皓20140504',12,2,''),(411,'李润璟',3,7,'440282201405244731',1,'2022-06-26 21:06:19','20140524','2022-06-26 21:06:19',1,1,'','李润璟20140524',12,2,''),(412,'张宏友',3,7,'430524201406180371',1,'2022-06-26 21:06:19','20140618','2022-06-26 21:06:19',1,1,'','张宏友20140618',12,2,''),(413,'郭耀文',3,7,'520303201405252010',1,'2022-06-26 21:06:19','20140525','2022-06-26 21:06:19',1,1,'','郭耀文20140525',12,2,''),(414,'吴万永',3,7,'52011120140502181X',1,'2022-06-26 21:06:19','20140502','2022-06-26 21:06:19',1,1,'','吴万永20140502',12,2,''),(415,'王钰莹',3,7,'520114201403291225',2,'2022-06-26 21:06:19','20140329','2022-06-26 21:06:19',1,1,'','王钰莹20140329',12,2,''),(416,'杨峻熙',3,7,'520111201403043919',1,'2022-06-26 21:06:19','20140304','2022-06-26 21:06:19',1,1,'','杨峻熙20140304',12,2,''),(417,'简福昕',3,7,'520114201407111228',2,'2022-06-26 21:06:19','20140711','2022-06-26 21:06:19',1,1,'','简福昕20140711',12,2,''),(418,'曾烨霖',3,7,'520114201312061221',2,'2022-06-26 21:06:19','20131206','2022-06-26 21:06:19',1,1,'','曾烨霖20131206',12,2,''),(419,'尹贤曦瑶',3,7,'522427201407113223',2,'2022-06-26 21:06:19','2014711','2022-06-26 21:06:19',1,1,'','尹贤曦瑶20140711',13,2,''),(420,'魏浩辰',3,7,'411324201401060473',1,'2022-06-26 21:06:19','20140106','2022-06-26 21:06:19',1,1,'','魏浩辰20140106',13,2,''),(421,'陈正银',3,7,'520111201312171819',1,'2022-06-26 21:06:19','20131217','2022-06-26 21:06:19',1,1,'','陈正银20131217',13,2,''),(422,'刘梓晗',3,7,'520111201407141823',2,'2022-06-26 21:06:19','2014714','2022-06-26 21:06:19',1,1,'','刘梓晗20140714',13,2,''),(423,'陈光橙',3,7,'520111201311031814',1,'2022-06-26 21:06:19','2013113','2022-06-26 21:06:19',1,1,'','陈光橙20131103',13,2,''),(424,'李馨兰',3,7,'520111201311041828',2,'2022-06-26 21:06:19','2013114','2022-06-26 21:06:19',1,1,'','李馨兰20131104',13,2,''),(425,'刘悦彤',3,7,'520111201312061820',2,'2022-06-26 21:06:19','2013126','2022-06-26 21:06:19',1,1,'','刘悦彤20131206',13,2,''),(426,'王思宇',3,7,'520111201408201832',1,'2022-06-26 21:06:19','2014820','2022-06-26 21:06:19',1,1,'','王思宇20140820',13,2,''),(427,'陈钱乾',3,7,'510322201310271785',2,'2022-06-26 21:06:19','20131027','2022-06-26 21:06:19',1,1,'','陈钱乾20131027',13,2,''),(428,'朱姚浔',3,7,'430523201403240256',1,'2022-06-26 21:06:19','2014324','2022-06-26 21:06:19',1,1,'','朱姚浔20140324',13,2,''),(429,'杨浩杰',3,8,'522225201308112811',1,'2022-06-26 21:06:19','2013811','2022-06-26 21:06:19',1,1,'','杨浩杰20130811',13,2,''),(430,'高婉婷',3,7,'522423201312218924',2,'2022-06-26 21:06:19','20131221','2022-06-26 21:06:19',1,1,'','高婉婷20131221',13,2,''),(431,'王馨语',3,7,'520111201408171821',2,'2022-06-26 21:06:19','2014817','2022-06-26 21:06:19',1,1,'','王馨语20140817',13,2,''),(432,'刘睿涵',3,7,'36083020131128603X',1,'2022-06-26 21:06:19','20131128','2022-06-26 21:06:19',1,1,'','刘睿涵20131128',13,2,''),(433,'刘千菡',3,7,'510683201408136046',2,'2022-06-26 21:06:19','2014813','2022-06-26 21:06:19',1,1,'','刘千菡20140813',13,2,''),(434,'胡紫依',3,7,'421023201401313441',2,'2022-06-26 21:06:19','2014131','2022-06-26 21:06:19',1,1,'','胡紫依20140131',13,2,''),(435,'谭胤楠',3,7,'52042220131215212X',2,'2022-06-26 21:06:19','20131215','2022-06-26 21:06:19',1,1,'','谭胤楠20131215',13,2,''),(436,'龙沫妍',3,7,'520111201312051825',2,'2022-06-26 21:06:19','2013125','2022-06-26 21:06:19',1,1,'','龙沫妍20131205',13,2,''),(437,'任毅铮',3,7,'511324201310035057',1,'2022-06-26 21:06:19','20131003','2022-06-26 21:06:19',1,1,'','任毅铮20131003',13,2,''),(438,'蒋馨辉',3,7,'522731201403190097',1,'2022-06-26 21:06:19','2014319','2022-06-26 21:06:19',1,1,'','蒋馨辉20140319',13,2,''),(439,'周可馨',3,7,'520111201404121827',2,'2022-06-26 21:06:19','2014412','2022-06-26 21:06:19',1,1,'','周可馨20140412',13,2,''),(440,'刘家豪',3,7,'520111201311091817',1,'2022-06-26 21:06:19','2013119','2022-06-26 21:06:19',1,1,'','刘家豪20131109',13,2,''),(441,'周伯瑜欣',3,7,'520111201405091842',2,'2022-06-26 21:06:19','201459','2022-06-26 21:06:19',1,1,'','周伯瑜欣20140509',13,2,''),(442,'唐锦家俊',3,7,'520111201404281812',1,'2022-06-26 21:06:19','2014428','2022-06-26 21:06:19',1,1,'','唐锦家俊20140428',13,2,''),(443,'帅润藤',3,7,'520111201309101828',2,'2022-06-26 21:06:19','2013910','2022-06-26 21:06:19',1,1,'','帅润藤20130910',13,2,''),(444,'邓香玲',3,7,'520121201407186020',2,'2022-06-26 21:06:19','20140718','2022-06-26 21:06:19',1,1,'','邓香玲20140718',13,2,''),(445,'陈紫馨',3,7,'52242220140214562X',2,'2022-06-26 21:06:19','2014214','2022-06-26 21:06:19',1,1,'','陈紫馨20140214',13,2,''),(446,'李万吉',3,7,'520111201405061838',1,'2022-06-26 21:06:19','20140506','2022-06-26 21:06:19',1,1,'','李万吉20140506',13,2,''),(447,'姜和城',3,7,'520111201404181838',1,'2022-06-26 21:06:19','2014418','2022-06-26 21:06:19',1,1,'','姜和城20140418',13,2,''),(448,'刘涛',3,7,'52032720140717503X',1,'2022-06-26 21:06:19','2014717','2022-06-26 21:06:19',1,1,'','刘涛20140717',13,2,''),(449,'乔文朗',3,7,'522424201405192424',2,'2022-06-26 21:06:19','20140519','2022-06-26 21:06:19',1,1,'','乔文朗20140519',13,2,''),(450,'段晨曦',3,8,'520111201308081810',1,'2022-06-26 21:06:19','201388','2022-06-26 21:06:19',1,1,'','段晨曦20130808',13,2,''),(451,'班明梓枍',3,7,'520111201403021816',1,'2022-06-26 21:06:19','201432','2022-06-26 21:06:19',1,1,'','班明梓枍20140302',13,2,''),(452,'胡熙林',3,7,'431321201401160495',1,'2022-06-26 21:06:19','2014116','2022-06-26 21:06:19',1,1,'','胡熙林20140116',13,2,''),(453,'周维君',3,7,'520114201312141221',2,'2022-06-26 21:06:19','20131214','2022-06-26 21:06:19',1,1,'','周维君20131214',13,2,''),(454,'李远航',3,7,'520111201402161817',1,'2022-06-26 21:06:19','2014216','2022-06-26 21:06:19',1,1,'','李远航20140216',13,2,''),(455,'周怡彤',3,7,'520111201408141825',2,'2022-06-26 21:06:19','2014814','2022-06-26 21:06:19',1,1,'','周怡彤20140814',13,2,''),(456,'吴世卿',3,7,'520111201405111874',1,'2022-06-26 21:06:19','20140511','2022-06-26 21:06:19',1,1,'','吴世卿20140511',13,2,''),(457,'张煜轩',3,7,'520111201404131814',1,'2022-06-26 21:06:19','2014413','2022-06-26 21:06:19',1,1,'','张煜轩20140413',13,2,''),(458,'周宏扬',3,7,'431321201402210271',1,'2022-06-26 21:06:19','2014221','2022-06-26 21:06:19',1,1,'','周宏扬20140221',13,2,''),(459,'柏龙雯',3,7,'520111201310311822',2,'2022-06-26 21:06:19','20131031','2022-06-26 21:06:19',1,1,'','柏龙雯20131031',13,2,''),(460,'吴梅',3,7,'520111201312131868',2,'2022-06-26 21:06:19','20131213','2022-06-26 21:06:19',1,1,'','吴梅20131213',13,2,''),(461,'代素勇',3,7,'520111201408281836',1,'2022-06-26 21:06:19','2014810','2022-06-26 21:06:19',1,1,'','代素勇20140828',13,2,''),(462,'蔡维怡',3,7,'520382201311023626',2,'2022-06-26 21:06:19','2013112','2022-06-26 21:06:19',1,1,'','蔡维怡20131102',13,2,''),(463,'王道平',3,7,'520111201401031826',2,'2022-06-26 21:06:19','201413','2022-06-26 21:06:19',1,1,'','王道平20140103',13,2,''),(464,'代朝远',3,7,'522423201402157758',1,'2022-06-26 21:06:19','20140215','2022-06-26 21:06:19',1,1,'','代朝远20140215',13,2,''),(465,'刘俊逸',3,7,'520111201407081816',1,'2022-06-26 21:06:19','201478','2022-06-26 21:06:19',1,1,'','刘俊逸20140708',13,2,''),(466,'庹瑞艳',3,7,'520111201408021823',2,'2022-06-26 21:06:19','201482','2022-06-26 21:06:19',1,1,'','庹瑞艳20140802',13,2,''),(467,'王欣怡',3,7,'520111201405151825',2,'2022-06-26 21:06:19','2014515','2022-06-26 21:06:19',1,1,'','王欣怡20140515',13,2,''),(468,'吴浩轩',3,7,'520422201310090850',1,'2022-06-26 21:06:19','20131009','2022-06-26 21:06:19',1,1,'','吴浩轩20131009',13,2,''),(469,'王睿旭',3,7,'520111201402171812',1,'2022-06-26 21:06:19','20140217','2022-06-26 21:06:19',1,1,'','王睿旭20140217',13,2,''),(470,'陈优优',3,7,'360981201406094845',2,'2022-06-26 21:06:19','20140609','2022-06-26 21:06:19',1,1,'','陈优优20140609',13,2,''),(471,'吴明轩',3,7,'522601201406254232',1,'2022-06-26 21:06:19','20140625','2022-06-26 21:06:19',1,1,'','吴明轩20140625',13,2,''),(472,'黄子涵',3,8,'11111120140104ad29',2,'2022-06-26 21:06:19','20140104','2022-06-26 21:06:19',1,1,'','黄子涵20140104',13,2,''),(473,'班天烊',3,7,'520111201405061854',1,'2022-06-26 21:06:19','20140506','2022-06-26 21:06:19',1,1,'','班天烊20140506',14,2,''),(474,'帅家成',3,7,'52011120140406181X',1,'2022-06-26 21:06:19','20140406','2022-06-26 21:06:19',1,1,'','帅家成20140406',14,2,''),(475,'张智辰',3,7,'520111201402171855',1,'2022-06-26 21:06:19','20140217','2022-06-26 21:06:19',1,1,'','张智辰20140217',14,2,''),(476,'杨虎',3,7,'520111201311191818',1,'2022-06-26 21:06:19','20131119','2022-06-26 21:06:19',1,1,'','杨虎20131119',14,2,''),(477,'吴同庆',3,7,'520111201401261816',1,'2022-06-26 21:06:19','20140126','2022-06-26 21:06:19',1,1,'','吴同庆20140126',14,2,''),(478,'陈昌杰',3,7,'520111201408241818',1,'2022-06-26 21:06:19','20140824','2022-06-26 21:06:19',1,1,'','陈昌杰20140824',14,2,''),(479,'帅家鸿',3,7,'52011120140211181X',1,'2022-06-26 21:06:19','20140211','2022-06-26 21:06:19',1,1,'','帅家鸿20140211',14,2,''),(480,'赵智鑫',3,7,'520111201311161811',1,'2022-06-26 21:06:19','20131116','2022-06-26 21:06:19',1,1,'','赵智鑫20131116',14,2,''),(481,'罗光耀',3,7,'520111201310201818',1,'2022-06-26 21:06:19','20131020','2022-06-26 21:06:19',1,1,'','罗光耀20131020',14,2,''),(482,'班旭恒',3,7,'520111201401091810',1,'2022-06-26 21:06:19','20140109','2022-06-26 21:06:19',1,1,'','班旭恒20140109',14,2,''),(483,'孙浩轩',3,7,'520111201309301838',1,'2022-06-26 21:06:19','20130930','2022-06-26 21:06:19',1,1,'','孙浩轩20130930',14,2,''),(484,'杨宁贤',3,7,'520111201311241811',1,'2022-06-26 21:06:19','20131124','2022-06-26 21:06:19',1,1,'','杨宁贤20131124',14,2,''),(485,'杨声福',3,7,'520111201310151830',1,'2022-06-26 21:06:19','20131015','2022-06-26 21:06:19',1,1,'','杨声福20131015',14,2,''),(486,'李家诚',3,7,'520111201408231855',1,'2022-06-26 21:06:19','20140823','2022-06-26 21:06:19',1,1,'','李家诚20140823',14,2,''),(487,'陈佳乐',3,7,'520111201405031815',1,'2022-06-26 21:06:19','20140503','2022-06-26 21:06:19',1,1,'','陈佳乐20140503',14,2,''),(488,'罗子阳',3,7,'520111201408261819',1,'2022-06-26 21:06:19','20140826','2022-06-26 21:06:19',1,1,'','罗子阳20140826',14,2,''),(489,'陈永勋',3,7,'520111201404131830',1,'2022-06-26 21:06:19','20140413','2022-06-26 21:06:19',1,1,'','陈永勋20140413',14,2,''),(490,'张宗耀',3,7,'520111201406211818',1,'2022-06-26 21:06:19','20140621','2022-06-26 21:06:19',1,1,'','张宗耀20140621',14,2,''),(491,'李明睿',3,7,'520328201407042014',1,'2022-06-26 21:06:19','20140704','2022-06-26 21:06:19',1,1,'','李明睿20140704',14,2,''),(492,'刘哲宇',3,7,'520181201311204438',1,'2022-06-26 21:06:19','20131120','2022-06-26 21:06:19',1,1,'','刘哲宇20131120',14,2,''),(493,'江耀坤',3,7,'130432201312151311',1,'2022-06-26 21:06:19','20131215','2022-06-26 21:06:19',1,1,'','江耀坤20131215',14,2,''),(494,'安俊杰',3,7,'411324201403220450',1,'2022-06-26 21:06:19','20140322','2022-06-26 21:06:19',1,1,'','安俊杰20140322',14,2,''),(495,'杨子骞',3,7,'360124201402130617',1,'2022-06-26 21:06:19','20140213','2022-06-26 21:06:19',1,1,'','杨子骞20140213',14,2,''),(496,'刘培垚',3,7,'522425201408074219',1,'2022-06-26 21:06:19','20140807','2022-06-26 21:06:19',1,1,'','刘培垚20140807',14,2,''),(497,'李华丽',3,7,'520111201407191820',2,'2022-06-26 21:06:19','20140719','2022-06-26 21:06:19',1,1,'','李华丽20140719',14,2,''),(498,'李可馨',3,7,'520111201404061828',2,'2022-06-26 21:06:19','20140406','2022-06-26 21:06:19',1,1,'','李可馨20140406',14,2,''),(499,'文婉鑫',3,7,'520111201312231842',2,'2022-06-26 21:06:19','20131223','2022-06-26 21:06:19',1,1,'','文婉鑫20131223',14,2,''),(500,'刘欣然',3,7,'520111201407221823',2,'2022-06-26 21:06:19','20140722','2022-06-26 21:06:19',1,1,'','刘欣然20140722',14,2,''),(501,'唐开滢',3,7,'520111201404101826',2,'2022-06-26 21:06:19','20140410','2022-06-26 21:06:19',1,1,'','唐开滢20140410',14,2,''),(502,'冉蝶',3,7,'511621201310102202',2,'2022-06-26 21:06:19','20131010','2022-06-26 21:06:19',1,1,'','冉蝶20131010',14,2,''),(503,'王双竹',3,7,'520111201407111827',2,'2022-06-26 21:06:19','20140711','2022-06-26 21:06:19',1,1,'','王双竹20140711',14,2,''),(504,'孔文靖',3,7,'520111201401201848',2,'2022-06-26 21:06:19','20140120','2022-06-26 21:06:19',1,1,'','孔文靖20140120',14,2,''),(505,'王维紫玉',3,7,'520111201312221820',2,'2022-06-26 21:06:19','20131222','2022-06-26 21:06:19',1,1,'','王维紫玉20131222',14,2,''),(506,'程梓钰',3,7,'520111201311071824',2,'2022-06-26 21:06:19','20131107','2022-06-26 21:06:19',1,1,'','程梓钰20131107',14,2,''),(507,'蔡志轩',3,7,'520111201406231827',2,'2022-06-26 21:06:19','20140623','2022-06-26 21:06:19',1,1,'','蔡志轩20140623',14,2,''),(508,'胡博涵',3,7,'520111201310191867',2,'2022-06-26 21:06:19','20131019','2022-06-26 21:06:19',1,1,'','胡博涵20131019',14,2,''),(509,'罗旭兰',3,7,'520111201403032742',2,'2022-06-26 21:06:19','20140303','2022-06-26 21:06:19',1,1,'','罗旭兰20140303',14,2,''),(510,'李欣语',3,7,'52011120140127182X',2,'2022-06-26 21:06:19','20140127','2022-06-26 21:06:19',1,1,'','李欣语20140127',14,2,''),(511,'刘雪羽',3,7,'51162120140404834X',2,'2022-06-26 21:06:19','20140404','2022-06-26 21:06:19',1,1,'','刘雪羽20140404',14,2,''),(512,'邱梓萱',3,7,'360730201407280067',2,'2022-06-26 21:06:19','20140728','2022-06-26 21:06:19',1,1,'','邱梓萱20140728',14,2,''),(513,'何昀泽',3,7,'411324201403100897',1,'2022-06-26 21:06:19','20140310','2022-06-26 21:06:19',1,1,'','何昀泽20140310',14,2,''),(514,'郝兴靖',3,7,'520181201403034149',2,'2022-06-26 21:06:19','20140303','2022-06-26 21:06:19',1,1,'','郝兴靖20140303',14,2,''),(515,'冯瑞妮',3,7,'510723201405223928',2,'2022-06-26 21:06:19','20140522','2022-06-26 21:06:19',1,1,'','冯瑞妮20140522',14,2,''),(516,'雷堰婷',3,7,'420322201312316922',2,'2022-06-26 21:06:19','20131231','2022-06-26 21:06:19',1,1,'','雷堰婷20131231',14,2,''),(517,'周韵萱',3,7,'522425201402028123',2,'2022-06-26 21:06:19','20140202','2022-06-26 21:06:19',1,1,'','周韵萱20140202',14,2,''),(518,'王双羽',3,7,'520111201407111843',2,'2022-06-26 21:06:19','20140711','2022-06-26 21:06:19',1,1,'','王双羽20140711',14,2,''),(519,'李振豪',3,7,'411324201404230319',1,'2022-06-26 21:06:19','20140423','2022-06-26 21:06:19',1,1,'','李振豪20140423',14,2,''),(520,'汪君达',3,7,'520111201403263911',1,'2022-06-26 21:06:19','20140326','2022-06-26 21:06:19',1,1,'','汪君达20140326',14,2,''),(521,'闵奕翔',3,7,'411324201405180210',1,'2022-06-26 21:06:19','20140518','2022-06-26 21:06:19',1,1,'','闵奕翔20140518',14,2,''),(522,'罗宏凯',3,7,'11111120140521dd7a',1,'2022-06-26 21:06:19','20140521','2022-06-26 21:06:19',1,1,'','罗宏凯20140521',14,2,''),(523,'唐世贤',3,8,'11111120140311cc92',1,'2022-06-26 21:06:19','20140311','2022-06-26 21:06:19',1,1,'','唐世贤20140311',14,2,''),(524,'王子茂',3,8,'111111201402196587',1,'2022-06-26 21:06:19','20140219','2022-06-26 21:06:19',1,1,'','王子茂20140219',14,2,''),(525,'钟君艳',3,8,'111111201312237df7',2,'2022-06-26 21:06:19','20131223','2022-06-26 21:06:19',1,1,'','钟君艳20131223',14,2,''),(526,'帅常敖',3,7,'520111201407141815',1,'2022-06-26 21:06:19','20140714','2022-06-26 21:06:19',1,1,'','帅常敖20140714',15,2,''),(527,'唐雨轩',3,7,'520111201407091811',1,'2022-06-26 21:06:19','20140709','2022-06-26 21:06:19',1,1,'','唐雨轩20140709',15,2,''),(528,'班义腾',3,7,'520111201408161818',1,'2022-06-26 21:06:19','20140816','2022-06-26 21:06:19',1,1,'','班义腾20140816',15,2,''),(529,'刘源斌',3,7,'520111201310191816',1,'2022-06-26 21:06:19','20131019','2022-06-26 21:06:19',1,1,'','刘源斌20131019',15,2,''),(530,'谢达成',3,7,'520111201406171836',1,'2022-06-26 21:06:19','20140617','2022-06-26 21:06:19',1,1,'','谢达成20140617',15,2,''),(531,'陈俊杰',3,7,'520111201311101819',1,'2022-06-26 21:06:19','20131110','2022-06-26 21:06:19',1,1,'','陈俊杰20131110',15,2,''),(532,'李林烨',3,7,'522425201312319314',1,'2022-06-26 21:06:19','20131231','2022-06-26 21:06:19',1,1,'','李林烨20131231',15,2,''),(533,'李双骏',3,7,'520111201408151839',1,'2022-06-26 21:06:19','20140815','2022-06-26 21:06:19',1,1,'','李双骏20140815',15,2,''),(534,'王骏熙',3,7,'520111201402171839',1,'2022-06-26 21:06:19','20140217','2022-06-26 21:06:19',1,1,'','王骏熙20140217',15,2,''),(535,'丁星瑆',3,7,'520111201311201836',1,'2022-06-26 21:06:19','20131120','2022-06-26 21:06:19',1,1,'','丁星瑆20131120',15,2,''),(536,'钱雨辰',3,7,'520111201403141818',1,'2022-06-26 21:06:19','20140314','2022-06-26 21:06:19',1,1,'','钱雨辰20140314',15,2,''),(537,'李琸翔',3,7,'522425201401096917',1,'2022-06-26 21:06:19','20140109','2022-06-26 21:06:19',1,1,'','李琸翔20140109',15,2,''),(538,'陈骏宇',3,7,'520111201408231812',1,'2022-06-26 21:06:19','20140823','2022-06-26 21:06:19',1,1,'','陈骏宇20140823',15,2,''),(539,'李琸宇',3,7,'522425201401096933',1,'2022-06-26 21:06:19','20140109','2022-06-26 21:06:19',1,1,'','李琸宇20140109',15,2,''),(540,'王金腾',3,7,'520111201312221812',1,'2022-06-26 21:06:19','20131222','2022-06-26 21:06:19',1,1,'','王金腾20131222',15,2,''),(541,'伍洲杰',3,7,'520181201403294813',1,'2022-06-26 21:06:19','20140329','2022-06-26 21:06:19',1,1,'','伍洲杰20140329',15,2,''),(542,'罗俊发',3,7,'520111201403051812',1,'2022-06-26 21:06:19','20140305','2022-06-26 21:06:19',1,1,'','罗俊发20140305',15,2,''),(543,'刘昊宇',3,7,'52232320131101561X',1,'2022-06-26 21:06:19','20131101','2022-06-26 21:06:19',1,1,'','刘昊宇20131101',15,2,''),(544,'陈帅馥',3,7,'520203201310303537',1,'2022-06-26 21:06:19','20131030','2022-06-26 21:06:19',1,1,'','陈帅馥20131030',15,2,''),(545,'李帅霖',3,7,'522730201310122216',1,'2022-06-26 21:06:19','20131012','2022-06-26 21:06:19',1,1,'','李帅霖20131012',15,2,''),(546,'龚俊荣',3,7,'520111201403030413',1,'2022-06-26 21:06:19','20140303','2022-06-26 21:06:19',1,1,'','龚俊荣20140303',15,2,''),(547,'陈瑞宸',3,7,'520181201408054114',1,'2022-06-26 21:06:19','20140805','2022-06-26 21:06:19',1,1,'','陈瑞宸20140805',15,2,''),(548,'张智超',3,7,'520123201408035817',1,'2022-06-26 21:06:19','20140803','2022-06-26 21:06:19',1,1,'','张智超20140803',15,2,''),(549,'姚方寓',3,7,'520111201310021817',1,'2022-06-26 21:06:19','20131002','2022-06-26 21:06:19',1,1,'','姚方寓20131002',15,2,''),(550,'徐茂倚',3,7,'522423201408132914',1,'2022-06-26 21:06:19','20140813','2022-06-26 21:06:19',1,1,'','徐茂倚20140813',15,2,''),(551,'陈政宏',3,7,'520114201405071218',1,'2022-06-26 21:06:19','20140507','2022-06-26 21:06:19',1,1,'','陈政宏20140507',15,2,''),(552,'陈梓晗',3,7,'520111201309211840',2,'2022-06-26 21:06:19','20130921','2022-06-26 21:06:19',1,1,'','陈梓晗20130921',15,2,''),(553,'陈露玲',3,7,'52011120140610182X',2,'2022-06-26 21:06:19','20140610','2022-06-26 21:06:19',1,1,'','陈露玲20140610',15,2,''),(554,'王阳雪',3,7,'520111201402161825',2,'2022-06-26 21:06:19','20140216','2022-06-26 21:06:19',1,1,'','王阳雪20140216',15,2,''),(555,'吴妤婕',3,7,'520111201311191826',2,'2022-06-26 21:06:19','20131119','2022-06-26 21:06:19',1,1,'','吴妤婕20131119',15,2,''),(556,'张梓馨',3,7,'520111201405191843',2,'2022-06-26 21:06:19','20140519','2022-06-26 21:06:19',1,1,'','张梓馨20140519',15,2,''),(557,'杨妤涵',3,7,'520111201405101828',2,'2022-06-26 21:06:19','20140510','2022-06-26 21:06:19',1,1,'','杨妤涵20140510',15,2,''),(558,'刘发蝶',3,7,'520111201401061822',2,'2022-06-26 21:06:19','20140106','2022-06-26 21:06:19',1,1,'','刘发蝶20140106',15,2,''),(559,'王灵艺',3,7,'433123201310070105',2,'2022-06-26 21:06:19','20131007','2022-06-26 21:06:19',1,1,'','王灵艺20131007',15,2,''),(560,'王庭怡',3,7,'520111201406271829',2,'2022-06-26 21:06:19','20140627','2022-06-26 21:06:19',1,1,'','王庭怡20140627',15,2,''),(561,'赵玲心',3,7,'520111201403171822',2,'2022-06-26 21:06:19','20140317','2022-06-26 21:06:19',1,1,'','赵玲心20140317',15,2,''),(562,'杨蕙敏',3,7,'520111201309261848',2,'2022-06-26 21:06:19','20130926','2022-06-26 21:06:19',1,1,'','杨蕙敏20130926',15,2,''),(563,'何雅馨',3,7,'520111201406191829',2,'2022-06-26 21:06:19','20140619','2022-06-26 21:06:19',1,1,'','何雅馨20140619',15,2,''),(564,'王雨含',3,7,'520114201309101229',2,'2022-06-26 21:06:19','20130910','2022-06-26 21:06:19',1,1,'','王雨含20130910',15,2,''),(565,'陈佳慧',3,7,'35058220131203254X',2,'2022-06-26 21:06:19','20131203','2022-06-26 21:06:19',1,1,'','陈佳慧20131203',15,2,''),(566,'陈芊妘',3,7,'520111201408191822',2,'2022-06-26 21:06:19','20140819','2022-06-26 21:06:19',1,1,'','陈芊妘20140819',15,2,''),(567,'朱茋涵',3,7,'430281201406180065',2,'2022-06-26 21:06:19','20140618','2022-06-26 21:06:19',1,1,'','朱茋涵20140618',15,2,''),(568,'代福颖',3,7,'522424201406181620',2,'2022-06-26 21:06:19','20140618','2022-06-26 21:06:19',1,1,'','代福颖20140618',15,2,''),(569,'文交雨萱',3,7,'522730201407170441',2,'2022-06-26 21:06:19','20140717','2022-06-26 21:06:19',1,1,'','文交雨萱20140717',15,2,''),(570,'张广羽洁',3,7,'520203201310095627',2,'2022-06-26 21:06:19','20131009','2022-06-26 21:06:19',1,1,'','张广羽洁20131009',15,2,''),(571,'王佳倩',3,7,'520111201403191823',2,'2022-06-26 21:06:19','20140319','2022-06-26 21:06:19',1,1,'','王佳倩20140319',15,2,''),(572,'高若溪',3,7,'520111201403261844',2,'2022-06-26 21:06:19','20140326','2022-06-26 21:06:19',1,1,'','高若溪20140326',15,2,''),(573,'李玟翰',3,7,'520111201404281820',2,'2022-06-26 21:06:19','20140428','2022-06-26 21:06:19',1,1,'','李玟翰20140428',15,2,''),(574,'展欣妍',3,7,'341623201401274086',2,'2022-06-26 21:06:19','20140127','2022-06-26 21:06:19',1,1,'','展欣妍20140127',15,2,''),(575,'黄博涵',3,7,'520111201311101835',1,'2022-06-26 21:06:19','20131110','2022-06-26 21:06:19',1,1,'','黄博涵20131110',15,2,''),(576,'班偌兮垭',3,7,'520111201408221868',2,'2022-06-26 21:06:19','20140822','2022-06-26 21:06:19',1,1,'','班偌兮垭20140822',15,2,''),(577,'罗章祖',3,7,'520114201407211210',1,'2022-06-26 21:06:19','20140721','2022-06-26 21:06:19',1,1,'','罗章祖20140721',15,2,''),(578,'董益潇',3,7,'371724201402257752',1,'2022-06-26 21:06:19','20140225','2022-06-26 21:06:19',1,1,'','董益潇20140225',15,2,''),(579,'王文皓宇',3,7,'520111201403241819',1,'2022-06-26 21:06:19','20140324','2022-06-26 21:06:19',1,1,'','王文皓宇20140324',15,2,''),(580,'杨玉龙',3,7,'520111201402041831',1,'2022-06-26 21:06:19','20140204','2022-06-26 21:06:19',1,1,'','杨玉龙20140204',16,2,''),(581,'陈庭宏',3,7,'520111201405241812',1,'2022-06-26 21:06:19','20140524','2022-06-26 21:06:19',1,1,'','陈庭宏20140524',16,2,''),(582,'杨添熠',3,7,'52011120140828181X',1,'2022-06-26 21:06:19','20140828','2022-06-26 21:06:19',1,1,'','杨添熠20140828',16,2,''),(583,'杨鸣轩',3,7,'52011120140625181X',1,'2022-06-26 21:06:19','20140625','2022-06-26 21:06:19',1,1,'','杨鸣轩20140625',16,2,''),(584,'陈跃新',3,7,'520111201401081831',1,'2022-06-26 21:06:19','20140108','2022-06-26 21:06:19',1,1,'','陈跃新20140108',16,2,''),(585,'陈宥竹',3,7,'520111201402151811',1,'2022-06-26 21:06:19','20140215','2022-06-26 21:06:19',1,1,'','陈宥竹20140215',16,2,''),(586,'王韬翔',3,7,'520111201309161812',1,'2022-06-26 21:06:19','20130916','2022-06-26 21:06:19',1,1,'','王韬翔20130916',16,2,''),(587,'班明炀',3,7,'520111201405061811',1,'2022-06-26 21:06:19','20140506','2022-06-26 21:06:19',1,1,'','班明炀20140506',16,2,''),(588,'谭骥晖',3,7,'520111201408201816',1,'2022-06-26 21:06:19','20140818','2022-06-26 21:06:19',1,1,'','谭骥晖20140820',16,2,''),(589,'杨致远',3,7,'520111201401131819',1,'2022-06-26 21:06:19','20140113','2022-06-26 21:06:19',1,1,'','杨致远20140113',16,2,''),(590,'胡勋勋',3,7,'520111201404151815',1,'2022-06-26 21:06:19','20140415','2022-06-26 21:06:19',1,1,'','胡勋勋20140415',16,2,''),(591,'梅德鸿',3,7,'520111201405221811',1,'2022-06-26 21:06:19','20140522','2022-06-26 21:06:19',1,1,'','梅德鸿20140522',16,2,''),(592,'何钦赡',3,7,'520111201406121812',1,'2022-06-26 21:06:19','20140612','2022-06-26 21:06:19',1,1,'','何钦赡20140612',16,2,''),(593,'王维钰',3,7,'520111201402261818',1,'2022-06-26 21:06:19','20140226','2022-06-26 21:06:19',1,1,'','王维钰20140226',16,2,''),(594,'童禹杰',3,7,'420116201312054119',1,'2022-06-26 21:06:19','20131205','2022-06-26 21:06:19',1,1,'','童禹杰20131205',16,2,''),(595,'周明望',3,7,'520111201404181811',1,'2022-06-26 21:06:19','20140418','2022-06-26 21:06:19',1,1,'','周明望20140418',16,2,''),(596,'王敬浩',3,7,'520111201403201817',1,'2022-06-26 21:06:19','20140320','2022-06-26 21:06:19',1,1,'','王敬浩20140320',16,2,''),(597,'刘华翔',3,7,'520111201401080011',1,'2022-06-26 21:06:19','20140108','2022-06-26 21:06:19',1,1,'','刘华翔20140108',16,2,''),(598,'罗周宇翔',3,7,'520111201407081832',1,'2022-06-26 21:06:19','20140708','2022-06-26 21:06:19',1,1,'','罗周宇翔20140708',16,2,''),(599,'易子钦',3,7,'500222201402066810',1,'2022-06-26 21:06:19','20140206','2022-06-26 21:06:19',1,1,'','易子钦20140206',16,2,''),(600,'雷浩轩',3,7,'522427201309117415',1,'2022-06-26 21:06:19','20130911','2022-06-26 21:06:19',1,1,'','雷浩轩20130911',16,2,''),(601,'侯先琪',3,7,'522425201309272412',1,'2022-06-26 21:06:19','20130927','2022-06-26 21:06:19',1,1,'','侯先琪20130927',16,2,''),(602,'杨健波',3,7,'522423201312044311',1,'2022-06-26 21:06:19','20131204','2022-06-26 21:06:19',1,1,'','杨健波20131204',16,2,''),(603,'孙家宁',3,7,'520111201406033310',1,'2022-06-26 21:06:19','20140603','2022-06-26 21:06:19',1,1,'','孙家宁20140603',16,2,''),(604,'唐潇然',3,7,'520103201402106439',1,'2022-06-26 21:06:19','20140210','2022-06-26 21:06:19',1,1,'','唐潇然20140210',16,2,''),(605,'徐开砚',3,7,'52242320140304291X',1,'2022-06-26 21:06:19','20140304','2022-06-26 21:06:19',1,1,'','徐开砚20140304',16,2,''),(606,'陈杨博艺',3,7,'520121201408010019',1,'2022-06-26 21:06:19','20140801','2022-06-26 21:06:19',1,1,'','陈杨博艺20140801',16,2,''),(607,'杨雅晰',3,7,'522422201309142045',2,'2022-06-26 21:06:19','20130914','2022-06-26 21:06:19',1,1,'','杨雅晰20130914',16,2,''),(608,'魏友雪',3,7,'52011120140711186X',2,'2022-06-26 21:06:19','20140711','2022-06-26 21:06:19',1,1,'','魏友雪20140711',16,2,''),(609,'帅杜璇',3,7,'520111201401251861',2,'2022-06-26 21:06:19','20140125','2022-06-26 21:06:19',1,1,'','帅杜璇20140125',16,2,''),(610,'余美霖',3,7,'520111201408101823',2,'2022-06-26 21:06:19','20140810','2022-06-26 21:06:19',1,1,'','余美霖20140810',16,2,''),(611,'陈正佳',3,7,'520111201309251826',2,'2022-06-26 21:06:19','20130925','2022-06-26 21:06:19',1,1,'','陈正佳20130925',16,2,''),(612,'夏万香',3,7,'520111201405271827',2,'2022-06-26 21:06:19','20140527','2022-06-26 21:06:19',1,1,'','夏万香20140527',16,2,''),(613,'杨梦欣',3,7,'522627201309070822',2,'2022-06-26 21:06:19','20130907','2022-06-26 21:06:19',1,1,'','杨梦欣20130907',16,2,''),(614,'陈锦欣',3,7,'520111201309091826',2,'2022-06-26 21:06:19','20130909','2022-06-26 21:06:19',1,1,'','陈锦欣20130909',16,2,''),(615,'唐宏艳',3,7,'520111201312081821',2,'2022-06-26 21:06:19','20131208','2022-06-26 21:06:19',1,1,'','唐宏艳20131208',16,2,''),(616,'罗艾琳',3,7,'520111201408191865',2,'2022-06-26 21:06:19','20140819','2022-06-26 21:06:19',1,1,'','罗艾琳20140819',16,2,''),(617,'杨艺茜',3,7,'522730201405011527',2,'2022-06-26 21:06:19','20140501','2022-06-26 21:06:19',1,1,'','杨艺茜20140501',16,2,''),(618,'王基灵',3,7,'520111201312291829',2,'2022-06-26 21:06:19','20131229','2022-06-26 21:06:19',1,1,'','王基灵20131229',16,2,''),(619,'陈天灿',3,7,'520111201309211824',2,'2022-06-26 21:06:19','20130921','2022-06-26 21:06:19',1,1,'','陈天灿20130921',16,2,''),(620,'简晨晨',3,7,'520326201408282025',2,'2022-06-26 21:06:19','20140828','2022-06-26 21:06:19',1,1,'','简晨晨20140828',16,2,''),(621,'王珏红',3,7,'520322201407182449',2,'2022-06-26 21:06:19','20140718','2022-06-26 21:06:19',1,1,'','王珏红20140718',16,2,''),(622,'苏梓妍',3,7,'511922201312220520',2,'2022-06-26 21:06:19','20131222','2022-06-26 21:06:19',1,1,'','苏梓妍20131222',16,2,''),(623,'令狐锐冰',3,7,'520322201406226825',2,'2022-06-26 21:06:19','20140622','2022-06-26 21:06:19',1,1,'','令狐锐冰20140622',16,2,''),(624,'汪子涵',3,7,'511321201309243044',2,'2022-06-26 21:06:19','20130924','2022-06-26 21:06:19',1,1,'','汪子涵20130924',16,2,''),(625,'杨远燚',3,7,'522730201312081526',2,'2022-06-26 21:06:19','20131208','2022-06-26 21:06:19',1,1,'','杨远燚20131208',16,2,''),(626,'禹贤雯',3,7,'522730201402170426',2,'2022-06-26 21:06:19','20140217','2022-06-26 21:06:19',1,1,'','禹贤雯20140217',16,2,''),(627,'赵嘉倪',3,7,'520330201403212823',2,'2022-06-26 21:06:19','20140321','2022-06-26 21:06:19',1,1,'','赵嘉倪20140321',16,2,''),(628,'柏语橦',3,7,'510921201405064363',2,'2022-06-26 21:06:19','20140506','2022-06-26 21:06:19',1,1,'','柏语橦20140506',16,2,''),(629,'陈昌汐',3,7,'52011120140602182X',2,'2022-06-26 21:06:19','20140602','2022-06-26 21:06:19',1,1,'','陈昌汐20140602',16,2,''),(630,'罗正权',3,8,'520111201212031819',1,'2022-06-26 21:06:19','20121203','2022-06-26 21:06:19',1,1,'','罗正权20121203',16,2,''),(631,'刘发强',3,7,'520114201406021212',1,'2022-06-26 21:06:19','20140602','2022-06-26 21:06:19',1,1,'','刘发强20140602',16,2,''),(632,'刘士铭',3,7,'520111201407261817',1,'2022-06-26 21:06:19','20140726','2022-06-26 21:06:19',1,1,'','刘士铭20140726',16,2,''),(633,'唐义宸',3,8,'520102201210244611',1,'2022-06-26 21:06:19','20121024','2022-06-26 21:06:19',1,1,'','唐义宸20121024',21,3,''),(634,'罗昌钰',3,8,'520111201212111819',1,'2022-06-26 21:06:19','20121211','2022-06-26 21:06:19',1,1,'','罗昌钰20121211',21,3,''),(635,'秦万强',3,8,'520111201211111833',1,'2022-06-26 21:06:19','20121111','2022-06-26 21:06:19',1,1,'','秦万强20121111',21,3,''),(636,'杨生玺',3,8,'520111201301201816',1,'2022-06-26 21:06:19','20130120','2022-06-26 21:06:19',1,1,'','杨生玺20130120',21,3,''),(637,'王才俊艺',3,8,'520122201211131235',1,'2022-06-26 21:06:19','20121113','2022-06-26 21:06:19',1,1,'','王才俊艺20121113',21,3,''),(638,'张皓轩',3,8,'520111201305181832',1,'2022-06-26 21:06:19','20130518','2022-06-26 21:06:19',1,1,'','张皓轩20130518',21,3,''),(639,'夏瑾泽',3,8,'52011120130208181X',1,'2022-06-26 21:06:19','20130208','2022-06-26 21:06:19',1,1,'','夏瑾泽20130208',21,3,''),(640,'陈燚龙',3,8,'520111201301091813',1,'2022-06-26 21:06:19','20130109','2022-06-26 21:06:19',1,1,'','陈燚龙20130109',21,3,''),(641,'宋诗琪',3,9,'520111201208311826',2,'2022-06-26 21:06:20','20120831','2022-06-26 21:06:20',1,1,'','宋诗琪20120831',21,3,''),(642,'赵欣婕',3,8,'520111201209201821',2,'2022-06-26 21:06:20','20120920','2022-06-26 21:06:20',1,1,'','赵欣婕20120920',21,3,''),(643,'陈锦利',3,8,'520111201209181824',2,'2022-06-26 21:06:20','20120918','2022-06-26 21:06:20',1,1,'','陈锦利20120918',21,3,''),(644,'杨雯婷',3,8,'520111201212231829',2,'2022-06-26 21:06:20','20121223','2022-06-26 21:06:20',1,1,'','杨雯婷20121223',21,3,''),(645,'范泽萍',3,8,'520111201308091824',2,'2022-06-26 21:06:20','20130809','2022-06-26 21:06:20',1,1,'','范泽萍20130809',21,3,''),(646,'杨媛',3,8,'520111201301261827',2,'2022-06-26 21:06:20','20130126','2022-06-26 21:06:20',1,1,'','杨媛20130126',21,3,''),(647,'王祥坤',3,8,'52011120130221183X',1,'2022-06-26 21:06:20','20130221','2022-06-26 21:06:20',1,1,'','王祥坤20130221',21,3,''),(648,'袁钰婕',3,8,'520114201211041221',2,'2022-06-26 21:06:20','20121104','2022-06-26 21:06:20',1,1,'','袁钰婕20121104',21,3,''),(649,'陈瑞锦',3,8,'520111201305161823',2,'2022-06-26 21:06:20','20130516','2022-06-26 21:06:20',1,1,'','陈瑞锦20130516',21,3,''),(650,'陈天美',3,8,'52011120130321184X',2,'2022-06-26 21:06:20','20130321','2022-06-26 21:06:20',1,1,'','陈天美20130321',21,3,''),(651,'陈欢雨',3,8,'520111201210041829',2,'2022-06-26 21:06:20','20121004','2022-06-26 21:06:20',1,1,'','陈欢雨20121004',21,3,''),(652,'游勋武',3,8,'520111201308111813',1,'2022-06-26 21:06:20','20130811','2022-06-26 21:06:20',1,1,'','游勋武20130811',21,3,''),(653,'袁钰鑫',3,8,'520111201210081820',2,'2022-06-26 21:06:20','20121008','2022-06-26 21:06:20',1,1,'','袁钰鑫20121008',21,3,''),(654,'杨乐海',3,8,'520111201211231819',1,'2022-06-26 21:06:20','20121123','2022-06-26 21:06:20',1,1,'','杨乐海20121123',21,3,''),(655,'王明扬',3,8,'520111201209251810',1,'2022-06-26 21:06:20','20120925','2022-06-26 21:06:20',1,1,'','王明扬20120925',21,3,''),(656,'李发俊',3,8,'520111201305171810',1,'2022-06-26 21:06:20','20130517','2022-06-26 21:06:20',1,1,'','李发俊20130517',21,3,''),(657,'李连瑞',3,8,'520111201307251814',1,'2022-06-26 21:06:20','20130725','2022-06-26 21:06:20',1,1,'','李连瑞20130725',21,3,''),(658,'陈永福',3,8,'52011120130806181X',1,'2022-06-26 21:06:20','20130806','2022-06-26 21:06:20',1,1,'','陈永福20130806',21,3,''),(659,'罗天凤',3,8,'520111201211061821',2,'2022-06-26 21:06:20','20121106','2022-06-26 21:06:20',1,1,'','罗天凤20121106',21,3,''),(660,'黄富壕',3,8,'520111201308241810',1,'2022-06-26 21:06:20','20130824','2022-06-26 21:06:20',1,1,'','黄富壕20130824',21,3,''),(661,'卢紫萱',3,8,'520111201303201828',2,'2022-06-26 21:06:20','20130320','2022-06-26 21:06:20',1,1,'','卢紫萱20130320',21,3,''),(662,'吴诗琪',3,8,'520111201210291828',2,'2022-06-26 21:06:20','20121029','2022-06-26 21:06:20',1,1,'','吴诗琪20121029',21,3,''),(663,'张炜琪',3,8,'52011120121014182X',2,'2022-06-26 21:06:20','20121014','2022-06-26 21:06:20',1,1,'','张炜琪20121014',21,3,''),(664,'李孟奚',3,8,'52011120130312181X',1,'2022-06-26 21:06:20','20130312','2022-06-26 21:06:20',1,1,'','李孟奚20130312',21,3,''),(665,'尚鸿铭',3,8,'520111201209301857',1,'2022-06-26 21:06:20','20120930','2022-06-26 21:06:20',1,1,'','尚鸿铭20120930',21,3,''),(666,'王佑霖',3,8,'520111201302271816',1,'2022-06-26 21:06:20','20130227','2022-06-26 21:06:20',1,1,'','王佑霖20130227',21,3,''),(667,'王雨薇',3,8,'52011120120905186X',2,'2022-06-26 21:06:20','20120905','2022-06-26 21:06:20',1,1,'','王雨薇20120905',21,3,''),(668,'王煜',3,8,'520111201307051812',1,'2022-06-26 21:06:20','20130705','2022-06-26 21:06:20',1,1,'','王煜20130705',21,3,''),(669,'周雅涵',3,8,'520111201210021828',2,'2022-06-26 21:06:20','20121002','2022-06-26 21:06:20',1,1,'','周雅涵20121002',21,3,''),(670,'王庭婷',3,8,'520111201304091827',2,'2022-06-26 21:06:20','20130409','2022-06-26 21:06:20',1,1,'','王庭婷20130409',21,3,''),(671,'王玉菲',3,8,'520111201209261824',2,'2022-06-26 21:06:20','20120926','2022-06-26 21:06:20',1,1,'','王玉菲20120926',21,3,''),(672,'王庭慧',3,8,'520111201302251823',2,'2022-06-26 21:06:20','20130225','2022-06-26 21:06:20',1,1,'','王庭慧20130225',21,3,''),(673,'任班龙',3,8,'511304201306214612',1,'2022-06-26 21:06:20','20130621','2022-06-26 21:06:20',1,1,'','任班龙20130621',21,3,''),(674,'刘振华',3,8,'430406201210030090',1,'2022-06-26 21:06:20','20121003','2022-06-26 21:06:20',1,1,'','刘振华20121003',21,3,''),(675,'陈炳升',3,8,'520111201212151837',1,'2022-06-26 21:06:20','20121215','2022-06-26 21:06:20',1,1,'','陈炳升20121215',21,3,''),(676,'张梦菲',3,8,'520111201305081823',2,'2022-06-26 21:06:20','20130508','2022-06-26 21:06:20',1,1,'','张梦菲20130508',21,3,''),(677,'张益铭',3,8,'520323201303230019',1,'2022-06-26 21:06:20','20130323','2022-06-26 21:06:20',1,1,'','张益铭20130323',21,3,''),(678,'帅学琛',3,8,'52011120121129182X',2,'2022-06-26 21:06:20','20121129','2022-06-26 21:06:20',1,1,'','帅学琛20121129',21,3,''),(679,'王莉娟',3,8,'520111201305271846',2,'2022-06-26 21:06:20','20130527','2022-06-26 21:06:20',1,1,'','王莉娟20130527',21,3,''),(680,'夏雨婷',3,8,'520111201304131825',2,'2022-06-26 21:06:20','20130413','2022-06-26 21:06:20',1,1,'','夏雨婷20130413',21,3,''),(681,'黄杨睿婕',3,8,'520111201303171825',2,'2022-06-26 21:06:20','20130317','2022-06-26 21:06:20',1,1,'','黄杨睿婕20130317',21,3,''),(682,'班文昊',3,8,'520111201308091816',1,'2022-06-26 21:06:20','20130809','2022-06-26 21:06:20',1,1,'','班文昊20130809',21,3,''),(683,'周明阅',3,8,'522425201211072420',2,'2022-06-26 21:06:20','20121107','2022-06-26 21:06:20',1,1,'','周明阅20121107',21,3,''),(684,'陈思彤',3,8,'520222201307244029',2,'2022-06-26 21:06:20','20130724','2022-06-26 21:06:20',1,1,'','陈思彤20130724',21,3,''),(685,'陈天翊',3,8,'360981201303204810',1,'2022-06-26 21:06:20','20130320','2022-06-26 21:06:20',1,1,'','陈天翊20130320',21,3,''),(686,'班义盈',3,8,'520111201303221829',2,'2022-06-26 21:06:20','20130322','2022-06-26 21:06:20',1,1,'','班义盈20130322',22,3,''),(687,'杨礼康',3,8,'520111201303311816',1,'2022-06-26 21:06:20','20130331','2022-06-26 21:06:20',1,1,'','杨礼康20130331',22,3,''),(688,'陈天会',3,8,'520111201212191847',2,'2022-06-26 21:06:20','20121219','2022-06-26 21:06:20',1,1,'','陈天会20121219',22,3,''),(689,'赵俊杰',3,8,'520111201211111817',1,'2022-06-26 21:06:20','20121111','2022-06-26 21:06:20',1,1,'','赵俊杰20121111',22,3,''),(690,'班智杰',3,8,'520111201211081830',1,'2022-06-26 21:06:20','20121108','2022-06-26 21:06:20',1,1,'','班智杰20121108',22,3,''),(691,'班智伟',3,8,'520111201211081814',1,'2022-06-26 21:06:20','20121108','2022-06-26 21:06:20',1,1,'','班智伟20121108',22,3,''),(692,'陈恒旭',3,8,'520111201210201810',1,'2022-06-26 21:06:20','20121020','2022-06-26 21:06:20',1,1,'','陈恒旭20121020',22,3,''),(693,'刘乃浩',3,8,'522226201210151616',1,'2022-06-26 21:06:20','20121015','2022-06-26 21:06:20',1,1,'','刘乃浩20121015',22,3,''),(694,'班义恒',3,8,'520111201303071816',1,'2022-06-26 21:06:20','20130307','2022-06-26 21:06:20',1,1,'','班义恒20130307',22,3,''),(695,'谢洪鑫',3,8,'520111201304111816',1,'2022-06-26 21:06:20','20130411','2022-06-26 21:06:20',1,1,'','谢洪鑫20130411',22,3,''),(696,'王登玉',3,8,'520111201211061813',1,'2022-06-26 21:06:20','20121106','2022-06-26 21:06:20',1,1,'','王登玉20121106',22,3,''),(697,'李语柔',3,8,'520111201307181828',2,'2022-06-26 21:06:20','20130718','2022-06-26 21:06:20',1,1,'','李语柔20130718',22,3,''),(698,'杨景智',3,8,'520111201301291831',1,'2022-06-26 21:06:20','20130129','2022-06-26 21:06:20',1,1,'','杨景智20130129',22,3,''),(699,'杨明勇',3,8,'52011120121108189X',1,'2022-06-26 21:06:20','20121108','2022-06-26 21:06:20',1,1,'','杨明勇20121108',22,3,''),(700,'吉均昊',3,8,'520111201305211819',1,'2022-06-26 21:06:20','20130521','2022-06-26 21:06:20',1,1,'','吉均昊20130521',22,3,''),(701,'钱祖依',3,8,'520111201304081848',2,'2022-06-26 21:06:20','20130408','2022-06-26 21:06:20',1,1,'','钱祖依20130408',22,3,''),(702,'陈锦轩',3,8,'520111201301171821',2,'2022-06-26 21:06:20','20130117','2022-06-26 21:06:20',1,1,'','陈锦轩20130117',22,3,''),(703,'谢达为',3,8,'520111201211141813',1,'2022-06-26 21:06:20','20121114','2022-06-26 21:06:20',1,1,'','谢达为20121114',22,3,''),(704,'刘雪悠',3,8,'520111201302031820',2,'2022-06-26 21:06:20','20130203','2022-06-26 21:06:20',1,1,'','刘雪悠20130203',22,3,''),(705,'郭秋华',3,8,'520111201209281817',1,'2022-06-26 21:06:20','20120928','2022-06-26 21:06:20',1,1,'','郭秋华20120928',22,3,''),(706,'王曾馨悦',3,8,'520111201302041826',2,'2022-06-26 21:06:20','20130204','2022-06-26 21:06:20',1,1,'','王曾馨悦20130204',22,3,''),(707,'李佳宇',3,8,'520111201304251819',1,'2022-06-26 21:06:20','20130425','2022-06-26 21:06:20',1,1,'','李佳宇20130425',22,3,''),(708,'张叶雨',3,8,'520111201308251824',2,'2022-06-26 21:06:20','20130825','2022-06-26 21:06:20',1,1,'','张叶雨20130825',22,3,''),(709,'刘源椿',3,8,'520111201209211819',1,'2022-06-26 21:06:20','20120921','2022-06-26 21:06:20',1,1,'','刘源椿20120921',22,3,''),(710,'帅恩泽钰',3,9,'522723201202220026',2,'2022-06-26 21:06:20','20120222','2022-06-26 21:06:20',1,1,'','帅恩泽钰20120222',22,3,''),(711,'罗嘉琪',3,8,'520111201306171847',2,'2022-06-26 21:06:20','20130617','2022-06-26 21:06:20',1,1,'','罗嘉琪20130617',22,3,''),(712,'班光钰',3,8,'520111201306021814',1,'2022-06-26 21:06:20','20130602','2022-06-26 21:06:20',1,1,'','班光钰20130602',22,3,''),(713,'王悦悦',3,8,'520111201210131824',2,'2022-06-26 21:06:20','20121013','2022-06-26 21:06:20',1,1,'','王悦悦20121013',22,3,''),(714,'陈锦浩',3,8,'52011120130726181X',1,'2022-06-26 21:06:20','20130726','2022-06-26 21:06:20',1,1,'','陈锦浩20130726',22,3,''),(715,'钱建江',3,8,'520111201307141818',1,'2022-06-26 21:06:20','20130714','2022-06-26 21:06:20',1,1,'','钱建江20130714',22,3,''),(716,'赵敏',3,8,'520111201307061826',2,'2022-06-26 21:06:20','20130706','2022-06-26 21:06:20',1,1,'','赵敏20130706',22,3,''),(717,'蔡志然',3,8,'52011120130228182X',2,'2022-06-26 21:06:20','20130228','2022-06-26 21:06:20',1,1,'','蔡志然20130228',22,3,''),(718,'李炎柏',3,8,'520111201210181813',1,'2022-06-26 21:06:20','20121018','2022-06-26 21:06:20',1,1,'','李炎柏20121018',22,3,''),(719,'钱家兴',3,8,'520111201304231842',2,'2022-06-26 21:06:20','20130423','2022-06-26 21:06:20',1,1,'','钱家兴20130423',22,3,''),(720,'唐佳琪',3,8,'511602201304220326',2,'2022-06-26 21:06:20','20130422','2022-06-26 21:06:20',1,1,'','唐佳琪20130422',22,3,''),(721,'王万江',3,8,'520111201306131810',1,'2022-06-26 21:06:20','20130613','2022-06-26 21:06:20',1,1,'','王万江20130613',22,3,''),(722,'陈思彤',3,8,'520111201302181829',2,'2022-06-26 21:06:20','20130218','2022-06-26 21:06:20',1,1,'','陈思彤20130218',22,3,''),(723,'周明宁',3,8,'52011120130524184X',2,'2022-06-26 21:06:20','20130524','2022-06-26 21:06:20',1,1,'','周明宁20130524',22,3,''),(724,'班明珍',3,8,'520111201303041828',2,'2022-06-26 21:06:20','20130304','2022-06-26 21:06:20',1,1,'','班明珍20130304',22,3,''),(725,'王玉欣',3,8,'520111201306081868',2,'2022-06-26 21:06:20','20130608','2022-06-26 21:06:20',1,1,'','王玉欣20130608',22,3,''),(726,'阮雨彤',3,8,'520111201209051827',2,'2022-06-26 21:06:20','20120905','2022-06-26 21:06:20',1,1,'','阮雨彤20120905',22,3,''),(727,'罗天睿',3,8,'520111201308311815',1,'2022-06-26 21:06:20','20130831','2022-06-26 21:06:20',1,1,'','罗天睿20130831',22,3,''),(728,'刘顺涛',3,8,'52011120130830181X',1,'2022-06-26 21:06:20','20130830','2022-06-26 21:06:20',1,1,'','刘顺涛20130830',22,3,''),(729,'班瑞琪',3,8,'520111201302091823',2,'2022-06-26 21:06:20','20130209','2022-06-26 21:06:20',1,1,'','班瑞琪20130209',22,3,''),(730,'班瑞聪',3,8,'520111201302091815',2,'2022-06-26 21:06:20','20130209','2022-06-26 21:06:20',1,1,'','班瑞聪20130209',22,3,''),(731,'罗欣雨',3,8,'520111201209011825',2,'2022-06-26 21:06:20','20120901','2022-06-26 21:06:20',1,1,'','罗欣雨20120901',22,3,''),(732,'李成祖',3,8,'520111201210111815',1,'2022-06-26 21:06:20','20121011','2022-06-26 21:06:20',1,1,'','李成祖20121011',22,3,''),(733,'王玉涵',3,8,'52011120130420182X',2,'2022-06-26 21:06:20','20130420','2022-06-26 21:06:20',1,1,'','王玉涵20130420',22,3,''),(734,'李雨婷',3,8,'520111201212271820',2,'2022-06-26 21:06:20','20121227','2022-06-26 21:06:20',1,1,'','李雨婷20121227',22,3,''),(735,'禹贤城',3,8,'520114201302041227',2,'2022-06-26 21:06:20','20130204','2022-06-26 21:06:20',1,1,'','禹贤城20130204',22,3,''),(736,'娄方泷',3,8,'520103201210208414',1,'2022-06-26 21:06:20','20121020','2022-06-26 21:06:20',1,1,'','娄方泷20121020',22,3,''),(737,'王天翼',3,9,'520111201109171813',1,'2022-06-26 21:06:20','20110917','2022-06-26 21:06:20',1,1,'','王天翼20110917',22,3,''),(738,'张歆玥',3,8,'410927201306240127',2,'2022-06-26 21:06:20','20130624','2022-06-26 21:06:20',1,1,'','张歆玥20130624',22,3,''),(739,'李金宸',3,8,'450202201211031519',1,'2022-06-26 21:06:20','20121103','2022-06-26 21:06:20',1,1,'','李金宸20121103',22,3,''),(740,'杨应晨',3,8,'520111201307301826',2,'2022-06-26 21:06:20','20130730','2022-06-26 21:06:20',1,1,'','杨应晨20130730',23,3,''),(741,'李家成',3,8,'520111201306301816',1,'2022-06-26 21:06:20','20130630','2022-06-26 21:06:20',1,1,'','李家成20130630',23,3,''),(742,'郑美倩',3,8,'520111201305061822',2,'2022-06-26 21:06:20','20130506','2022-06-26 21:06:20',1,1,'','郑美倩20130506',23,3,''),(743,'班伟奇',3,8,'520111201306271813',1,'2022-06-26 21:06:20','20130627','2022-06-26 21:06:20',1,1,'','班伟奇20130627',23,3,''),(744,'陈琦镕',3,8,'520111201307221842',2,'2022-06-26 21:06:20','20130722','2022-06-26 21:06:20',1,1,'','陈琦镕20130722',23,3,''),(745,'李孟阳',3,8,'520111201209031818',1,'2022-06-26 21:06:20','20120903','2022-06-26 21:06:20',1,1,'','李孟阳20120903',23,3,''),(746,'周嘉瑞',3,8,'520111201308211814',1,'2022-06-26 21:06:20','20130821','2022-06-26 21:06:20',1,1,'','周嘉瑞20130821',23,3,''),(747,'王荣添',3,8,'520111201306261818',1,'2022-06-26 21:06:20','20130626','2022-06-26 21:06:20',1,1,'','王荣添20130626',23,3,''),(748,'陈元圆',3,8,'520111201301011828',2,'2022-06-26 21:06:20','20130101','2022-06-26 21:06:20',1,1,'','陈元圆20130101',23,3,''),(749,'张思怡',3,8,'520111201301031829',2,'2022-06-26 21:06:20','20130103','2022-06-26 21:06:20',1,1,'','张思怡20130103',23,3,''),(750,'吴玉婷',3,8,'520111201303191826',2,'2022-06-26 21:06:20','20130319','2022-06-26 21:06:20',1,1,'','吴玉婷20130319',23,3,''),(751,'叶鑫萍',3,8,'520111201305171845',2,'2022-06-26 21:06:20','20130517','2022-06-26 21:06:20',1,1,'','叶鑫萍20130517',23,3,''),(752,'王庭焕',3,8,'520111201307171814',1,'2022-06-26 21:06:20','20130717','2022-06-26 21:06:20',1,1,'','王庭焕20130717',23,3,''),(753,'班梓欣',3,8,'520111201301141825',2,'2022-06-26 21:06:20','20130114','2022-06-26 21:06:20',1,1,'','班梓欣20130114',23,3,''),(754,'徐泽雯',3,8,'520111201210121829',2,'2022-06-26 21:06:20','20121012','2022-06-26 21:06:20',1,1,'','徐泽雯20121012',23,3,''),(755,'杨龙瑞',3,8,'520111201210261813',1,'2022-06-26 21:06:20','20121026','2022-06-26 21:06:20',1,1,'','杨龙瑞20121026',23,3,''),(756,'杨佳洪',3,8,'520111201212161816',1,'2022-06-26 21:06:20','20121216','2022-06-26 21:06:20',1,1,'','杨佳洪20121216',23,3,''),(757,'范韵婷',3,8,'520111201308061828',2,'2022-06-26 21:06:20','20130806','2022-06-26 21:06:20',1,1,'','范韵婷20130806',23,3,''),(758,'罗安琪',3,8,'520111201308021826',2,'2022-06-26 21:06:20','20130802','2022-06-26 21:06:20',1,1,'','罗安琪20130802',23,3,''),(759,'王章权',3,9,'520111201302211813',1,'2022-06-26 21:06:20','20120221','2022-06-26 21:06:20',1,1,'','王章权20130221',23,3,''),(760,'陈天浩',3,8,'520111201211101811',1,'2022-06-26 21:06:20','20121011','2022-06-26 21:06:20',1,1,'','陈天浩20121110',23,3,''),(761,'王万宇',3,8,'520111201302191816',1,'2022-06-26 21:06:20','20130219','2022-06-26 21:06:20',1,1,'','王万宇20130219',23,3,''),(762,'唐锦宸',3,8,'520111201302111812',1,'2022-06-26 21:06:20','20130211','2022-06-26 21:06:20',1,1,'','唐锦宸20130211',23,3,''),(763,'张梦钰',3,8,'520111201211201847',2,'2022-06-26 21:06:20','20121120','2022-06-26 21:06:20',1,1,'','张梦钰20121120',23,3,''),(764,'陈江胜',3,8,'520111201302131813',1,'2022-06-26 21:06:20','20130213','2022-06-26 21:06:20',1,1,'','陈江胜20130213',23,3,''),(765,'李永贵',3,8,'520111201210091818',1,'2022-06-26 21:06:20','20121009','2022-06-26 21:06:20',1,1,'','李永贵20121009',23,3,''),(766,'陈启雲',3,8,'520111201303130134',1,'2022-06-26 21:06:20','20130313','2022-06-26 21:06:20',1,1,'','陈启雲20130313',23,3,''),(767,'唐光旭',3,8,'520111201307271815',1,'2022-06-26 21:06:20','20130727','2022-06-26 21:06:20',1,1,'','唐光旭20130727',23,3,''),(768,'王紫萱',3,8,'520111201210241820',2,'2022-06-26 21:06:20','20121024','2022-06-26 21:06:20',1,1,'','王紫萱20121024',23,3,''),(769,'张欣怡',3,8,'520111201209051886',2,'2022-06-26 21:06:20','20120905','2022-06-26 21:06:20',1,1,'','张欣怡20120905',23,3,''),(770,'赵子荣',3,8,'520114201306301217',1,'2022-06-26 21:06:20','20130630','2022-06-26 21:06:20',1,1,'','赵子荣20130630',23,3,''),(771,'王成欣',3,8,'520111201306171820',2,'2022-06-26 21:06:20','20130617','2022-06-26 21:06:20',1,1,'','王成欣20130617',23,3,''),(772,'班义晓',3,8,'520111201305051827',2,'2022-06-26 21:06:20','20130505','2022-06-26 21:06:20',1,1,'','班义晓20130505',23,3,''),(773,'吴朝玺',3,8,'520111201305191811',1,'2022-06-26 21:06:20','20130519','2022-06-26 21:06:20',1,1,'','吴朝玺20130519',23,3,''),(774,'帅学堂',3,8,'520111201211241814',1,'2022-06-26 21:06:20','20121124','2022-06-26 21:06:20',1,1,'','帅学堂20121124',23,3,''),(775,'廖陈钰阳',3,8,'52011120130814181X',1,'2022-06-26 21:06:20','20130814','2022-06-26 21:06:20',1,1,'','廖陈钰阳20130814',23,3,''),(776,'杨何睿',3,8,'520111201302191832',1,'2022-06-26 21:06:20','20130204','2022-06-26 21:06:20',1,1,'','杨何睿20130219',23,3,''),(777,'陈锦达',3,8,'520111201307021832',1,'2022-06-26 21:06:20','20130702','2022-06-26 21:06:20',1,1,'','陈锦达20130702',23,3,''),(778,'陈杨光昕',3,8,'520111201304071826',2,'2022-06-26 21:06:20','20130407','2022-06-26 21:06:20',1,1,'','陈杨光昕20130407',23,3,''),(779,'张嘉懿',3,8,'520111201307021816',1,'2022-06-26 21:06:20','20130702','2022-06-26 21:06:20',1,1,'','张嘉懿20130702',23,3,''),(780,'刘修琪',3,8,'520111201209111818',1,'2022-06-26 21:06:20','20120911','2022-06-26 21:06:20',1,1,'','刘修琪20120911',23,3,''),(781,'兰红玲',3,8,'520111201307201825',2,'2022-06-26 21:06:20','20130720','2022-06-26 21:06:20',1,1,'','兰红玲20130720',23,3,''),(782,'罗雨鲜',3,8,'520111201212241824',2,'2022-06-26 21:06:20','20121224','2022-06-26 21:06:20',1,1,'','罗雨鲜20121224',23,3,''),(783,'罗昌平',3,8,'52011120130224181X',1,'2022-06-26 21:06:20','20130624','2022-06-26 21:06:20',1,1,'','罗昌平20130224',23,3,''),(784,'赵彬程',3,8,'520111201304031832',1,'2022-06-26 21:06:20','20130403','2022-06-26 21:06:20',1,1,'','赵彬程20130403',23,3,''),(785,'徐明磊',3,8,'520111201301171813',1,'2022-06-26 21:06:20','20130117','2022-06-26 21:06:20',1,1,'','徐明磊20130117',23,3,''),(786,'黄锦烁',3,8,'520111201210121810',1,'2022-06-26 21:06:20','20121012','2022-06-26 21:06:20',1,1,'','黄锦烁20121012',23,3,''),(787,'陈朝爽',3,8,'520111201302171823',2,'2022-06-26 21:06:20','20130217','2022-06-26 21:06:20',1,1,'','陈朝爽20130217',23,3,''),(788,'刘文龙',3,8,'520111201210211816',1,'2022-06-26 21:06:20','20121021','2022-06-26 21:06:20',1,1,'','刘文龙20121021',23,3,''),(789,'徐世杰',3,8,'520111201210031815',1,'2022-06-26 21:06:20','20121003','2022-06-26 21:06:20',1,1,'','徐世杰20121003',23,3,''),(790,'李俊颖',3,8,'520111201304031824',2,'2022-06-26 21:06:20','20130403','2022-06-26 21:06:20',1,1,'','李俊颖20130403',23,3,''),(791,'金灿烨',3,8,'520111201212021514',1,'2022-06-26 21:06:20','20121202','2022-06-26 21:06:20',1,1,'','金灿烨20121202',23,3,''),(792,'邓雅丽',3,9,'522427201202163243',2,'2022-06-26 21:06:20','20120216','2022-06-26 21:06:20',1,1,'','邓雅丽20120216',23,3,''),(793,'张裕琳',3,8,'130921201304264226',2,'2022-06-26 21:06:20','20130426','2022-06-26 21:06:20',1,1,'','张裕琳20130426',23,3,''),(794,'王仁杰',3,8,'52011120130128181X',1,'2022-06-26 21:06:20','20130128','2022-06-26 21:06:20',1,1,'','王仁杰20130128',24,3,''),(795,'钱庭瑞',3,8,'520111201301291815',1,'2022-06-26 21:06:20','20130129','2022-06-26 21:06:20',1,1,'','钱庭瑞20130129',24,3,''),(796,'吴汗民',3,8,'520111201212171854',1,'2022-06-26 21:06:20','20121217','2022-06-26 21:06:20',1,1,'','吴汗民20121217',24,3,''),(797,'张子雅雯',3,8,'530722201302262825',2,'2022-06-26 21:06:20','20130226','2022-06-26 21:06:20',1,1,'','张子雅雯20130226',24,3,''),(798,'王睿毅',3,8,'520111201302051813',1,'2022-06-26 21:06:20','20130205','2022-06-26 21:06:20',1,1,'','王睿毅20130205',24,3,''),(799,'张雨萱',3,8,'52222820121015342X',2,'2022-06-26 21:06:20','20121015','2022-06-26 21:06:20',1,1,'','张雨萱20121015',24,3,''),(800,'唐忠葆',3,8,'520111201306061832',1,'2022-06-26 21:06:20','20130606','2022-06-26 21:06:20',1,1,'','唐忠葆20130606',24,3,''),(801,'冯晨曦',3,8,'520111201308061836',1,'2022-06-26 21:06:20','20130806','2022-06-26 21:06:20',1,1,'','冯晨曦20130806',24,3,''),(802,'王荣旭',3,8,'520111201302231814',1,'2022-06-26 21:06:20','20130223','2022-06-26 21:06:20',1,1,'','王荣旭20130223',24,3,''),(803,'唐国平',3,8,'520111201212211836',1,'2022-06-26 21:06:20','20121221','2022-06-26 21:06:20',1,1,'','唐国平20121221',24,3,''),(804,'郭朝琴',3,8,'520111201209101820',2,'2022-06-26 21:06:20','20120910','2022-06-26 21:06:20',1,1,'','郭朝琴20120910',24,3,''),(805,'陈果',3,8,'52011120130216181X',1,'2022-06-26 21:06:20','20130216','2022-06-26 21:06:20',1,1,'','陈果20130216',24,3,''),(806,'陈垚贤',3,8,'350521201304145517',1,'2022-06-26 21:06:20','20130414','2022-06-26 21:06:20',1,1,'','陈垚贤20130414',24,3,''),(807,'罗天航',3,8,'520111201308261811',1,'2022-06-26 21:06:20','20130826','2022-06-26 21:06:20',1,1,'','罗天航20130826',24,3,''),(808,'龙诗韵',3,8,'520111201308171824',2,'2022-06-26 21:06:20','20130817','2022-06-26 21:06:20',1,1,'','龙诗韵20130817',24,3,''),(809,'刘彬',3,8,'520111201307201817',1,'2022-06-26 21:06:20','20130720','2022-06-26 21:06:20',1,1,'','刘彬20130720',24,3,''),(810,'林佳佳',3,8,'522730201308110427',2,'2022-06-26 21:06:20','20130811','2022-06-26 21:06:20',1,1,'','林佳佳20130811',24,3,''),(811,'罗皓轩',3,8,'522422201303084219',1,'2022-06-26 21:06:20','20130308','2022-06-26 21:06:20',1,1,'','罗皓轩20130308',24,3,''),(812,'杨陈慧玥',3,8,'520122201304080625',2,'2022-06-26 21:06:20','20130408','2022-06-26 21:06:20',1,1,'','杨陈慧玥20130408',24,3,''),(813,'李俊希',3,8,'520111201308281812',1,'2022-06-26 21:06:20','20130828','2022-06-26 21:06:20',1,1,'','李俊希20130828',24,3,''),(814,'唐胤晨',3,8,'520111201307051839',1,'2022-06-26 21:06:20','20130705','2022-06-26 21:06:20',1,1,'','唐胤晨20130705',24,3,''),(815,'吴炎恩',3,8,'520111201209091837',1,'2022-06-26 21:06:20','20120909','2022-06-26 21:06:20',1,1,'','吴炎恩20120909',24,3,''),(816,'陈正雨',3,8,'520111201306161825',2,'2022-06-26 21:06:20','20130616','2022-06-26 21:06:20',1,1,'','陈正雨20130616',24,3,''),(817,'张国策',3,8,'520111201210011814',1,'2022-06-26 21:06:20','20121001','2022-06-26 21:06:20',1,1,'','张国策20121001',24,3,''),(818,'班美绮',3,8,'520111201307081827',2,'2022-06-26 21:06:20','20130708','2022-06-26 21:06:20',1,1,'','班美绮20130708',24,3,''),(819,'张铠钰',3,8,'520111201301060179',1,'2022-06-26 21:06:20','20130106','2022-06-26 21:06:20',1,1,'','张铠钰20130106',24,3,''),(820,'钱廷磊',3,8,'522424201301120012',1,'2022-06-26 21:06:20','20130112','2022-06-26 21:06:20',1,1,'','钱廷磊20130112',24,3,''),(821,'陈紫妍',3,8,'520111201212181825',2,'2022-06-26 21:06:20','20121218','2022-06-26 21:06:20',1,1,'','陈紫妍20121218',24,3,''),(822,'杨玥',3,8,'52011120121003184X',2,'2022-06-26 21:06:20','20121003','2022-06-26 21:06:20',1,1,'','杨玥20121003',24,3,''),(823,'王子涵',3,8,'520111201301041816',1,'2022-06-26 21:06:20','20130104','2022-06-26 21:06:20',1,1,'','王子涵20130104',24,3,''),(824,'陈昕瑶',3,8,'520111201306211829',2,'2022-06-26 21:06:20','20130621','2022-06-26 21:06:20',1,1,'','陈昕瑶20130621',24,3,''),(825,'钱美慧',3,8,'520111201304081821',2,'2022-06-26 21:06:20','20130408','2022-06-26 21:06:20',1,1,'','钱美慧20130408',24,3,''),(826,'宁诗芮',3,8,'513223201302200024',2,'2022-06-26 21:06:20','20130220','2022-06-26 21:06:20',1,1,'','宁诗芮20130220',24,3,''),(827,'杨彭海睿',3,8,'5201112012101300B4',1,'2022-06-26 21:06:20','20121013','2022-06-26 21:06:20',1,1,'','杨彭海睿20121013',24,3,''),(828,'陈锦旺',3,8,'520111201211181815',1,'2022-06-26 21:06:20','20121118','2022-06-26 21:06:20',1,1,'','陈锦旺20121118',24,3,''),(829,'彭松',3,8,'520111201211161814',1,'2022-06-26 21:06:20','20121116','2022-06-26 21:06:20',1,1,'','彭松20121116',24,3,''),(830,'周瑞英',3,8,'520111201307311821',2,'2022-06-26 21:06:20','20130731','2022-06-26 21:06:20',1,1,'','周瑞英20130731',24,3,''),(831,'李丹阳',3,8,'520111201306121823',2,'2022-06-26 21:06:20','20130612','2022-06-26 21:06:20',1,1,'','李丹阳20130612',24,3,''),(832,'王玉莲',3,8,'52011120121030182X',2,'2022-06-26 21:06:20','20121030','2022-06-26 21:06:20',1,1,'','王玉莲20121030',24,3,''),(833,'胡顺阳',3,8,'522425201304154230',1,'2022-06-26 21:06:20','20130415','2022-06-26 21:06:20',1,1,'','胡顺阳20130415',24,3,''),(834,'王语欣',3,8,'520111201302201826',2,'2022-06-26 21:06:20','20130220','2022-06-26 21:06:20',1,1,'','王语欣20130220',24,3,''),(835,'李宗闊',3,8,'520111201307221834',1,'2022-06-26 21:06:20','20130722','2022-06-26 21:06:20',1,1,'','李宗闊20130722',24,3,''),(836,'李佳檜',3,8,'520111201307221826',2,'2022-06-26 21:06:20','20130722','2022-06-26 21:06:20',1,1,'','李佳檜20130722',24,3,''),(837,'刘智桓',3,8,'520111201307111811',1,'2022-06-26 21:06:21','20130711','2022-06-26 21:06:21',1,1,'','刘智桓20130711',24,3,''),(838,'王忠心',3,9,'520111201202071841',2,'2022-06-26 21:06:21','20120207','2022-06-26 21:06:21',1,1,'','王忠心20120207',24,3,''),(839,'班仁浩宇',3,8,'520111201305021812',1,'2022-06-26 21:06:21','20130502','2022-06-26 21:06:21',1,1,'','班仁浩宇20130502',24,3,''),(840,'陈启友',3,8,'520111201301151812',1,'2022-06-26 21:06:21','20130115','2022-06-26 21:06:21',1,1,'','陈启友20130115',24,3,''),(841,'陈慧骏娴',3,8,'520111201301071820',2,'2022-06-26 21:06:21','20130107','2022-06-26 21:06:21',1,1,'','陈慧骏娴20130107',24,3,''),(842,'安意玫',3,8,'520111201212213022',2,'2022-06-26 21:06:21','20121221','2022-06-26 21:06:21',1,1,'','安意玫20121221',24,3,''),(843,'罗麟龙',3,8,'522730201211101516',1,'2022-06-26 21:06:21','20121110','2022-06-26 21:06:21',1,1,'','罗麟龙20121110',24,3,''),(844,'杨雨萱',3,8,'520111201303051823',2,'2022-06-26 21:06:21','20130321','2022-06-26 21:06:21',1,1,'','杨雨萱20130305',24,3,''),(845,'李志媛',3,9,'52052620120518002X',2,'2022-06-26 21:06:21','20120518','2022-06-26 21:06:21',1,1,'','李志媛20120518',24,3,''),(846,'韩美淇',3,9,'1111112012123091af',2,'2022-06-26 21:06:21','20121230','2022-06-26 21:06:21',1,1,'','韩美淇20121230',24,3,''),(847,'谭志朋',3,8,'522730201304102833',1,'2022-06-26 21:06:21','20120911','2022-06-26 21:06:21',1,1,'','谭志朋20130410',25,3,''),(848,'胡扬德奇',3,8,'520111201307101816',1,'2022-06-26 21:06:21','20130710','2022-06-26 21:06:21',1,1,'','胡扬德奇20130710',25,3,''),(849,'郝家桐',3,8,'520111201305111818',1,'2022-06-26 21:06:21','20130511','2022-06-26 21:06:21',1,1,'','郝家桐20130511',25,3,''),(850,'王家馨',3,8,'522227201210217642',2,'2022-06-26 21:06:21','20121124','2022-06-26 21:06:21',1,1,'','王家馨20121021',25,3,''),(851,'郝兴怡',3,8,'520111201211291846',2,'2022-06-26 21:06:21','20121129','2022-06-26 21:06:21',1,1,'','郝兴怡20121129',25,3,''),(852,'陈启斌',3,8,'520111201212151810',1,'2022-06-26 21:06:21','20121215','2022-06-26 21:06:21',1,1,'','陈启斌20121215',25,3,''),(853,'张政瑒',3,9,'522731201211188670',1,'2022-06-26 21:06:21','20120408','2022-06-26 21:06:21',1,1,'','张政瑒20121118',25,3,''),(854,'刘光慧',3,8,'52011120130418242X',2,'2022-06-26 21:06:21','20130418','2022-06-26 21:06:21',1,1,'','刘光慧20130418',25,3,''),(855,'陈一瑞',3,8,'520114201306141225',2,'2022-06-26 21:06:21','20130614','2022-06-26 21:06:21',1,1,'','陈一瑞20130614',25,3,''),(856,'陈兴蓉',3,8,'520181201305314622',2,'2022-06-26 21:06:21','20130531','2022-06-26 21:06:21',1,1,'','陈兴蓉20130531',25,3,''),(857,'张效晗',3,8,'522301201301231871',1,'2022-06-26 21:06:21','20121022','2022-06-26 21:06:21',1,1,'','张效晗20130123',25,3,''),(858,'刘宇轩',3,8,'520113201210062833',1,'2022-06-26 21:06:21','20121006','2022-06-26 21:06:21',1,1,'','刘宇轩20121006',25,3,''),(859,'张馨玥',3,8,'520181201210223015',2,'2022-06-26 21:06:21','20121224','2022-06-26 21:06:21',1,1,'','张馨玥20121022',25,3,''),(860,'王润青',3,8,'520111201211241822',1,'2022-06-26 21:06:21','20130227','2022-06-26 21:06:21',1,1,'','王润青20121124',25,3,''),(861,'龙翔',3,8,'522401201303188614',1,'2022-06-26 21:06:21','20130318','2022-06-26 21:06:21',1,1,'','龙翔20130318',25,3,''),(862,'肖垚',3,8,'411326201304076433',1,'2022-06-26 21:06:21','20130501','2022-06-26 21:06:21',1,1,'','肖垚20130407',25,3,''),(863,'罗忆涵',3,8,'52032120121202222X',2,'2022-06-26 21:06:21','20121202','2022-06-26 21:06:21',1,1,'','罗忆涵20121202',25,3,''),(864,'陆子涵',3,8,'522727201307112449',2,'2022-06-26 21:06:21','20130711','2022-06-26 21:06:21',1,1,'','陆子涵20130711',25,3,''),(865,'张秀恒',3,8,'520102201212247824',1,'2022-06-26 21:06:21','20130204','2022-06-26 21:06:21',1,1,'','张秀恒20121224',25,3,''),(866,'田晨曦',3,8,'500228201212133128',2,'2022-06-26 21:06:21','20121021','2022-06-26 21:06:21',1,1,'','田晨曦20121213',25,3,''),(867,'令狐铖焱',3,8,'520322201301166811',1,'2022-06-26 21:06:21','20130116','2022-06-26 21:06:21',1,1,'','令狐铖焱20130116',25,3,''),(868,'张宇涵',3,8,'510321201211083408',1,'2022-06-26 21:06:21','20121118','2022-06-26 21:06:21',1,1,'','张宇涵20121108',25,3,''),(869,'代礼宸',3,8,'522423201301102934',1,'2022-06-26 21:06:21','20130110','2022-06-26 21:06:21',1,1,'','代礼宸20130110',25,3,''),(870,'陈小军',3,8,'522425201212186614',1,'2022-06-26 21:06:21','20121218','2022-06-26 21:06:21',1,1,'','陈小军20121218',25,3,''),(871,'邵淑婷',3,8,'430523201301180192',2,'2022-06-26 21:06:21','20130103','2022-06-26 21:06:21',1,1,'','邵淑婷20130118',25,3,''),(872,'杜梦琪',3,8,'522422201304172843',2,'2022-06-26 21:06:21','20130417','2022-06-26 21:06:21',1,1,'','杜梦琪20130417',25,3,''),(873,'陈德铭',3,8,'520123201304234416',1,'2022-06-26 21:06:21','20130423','2022-06-26 21:06:21',1,1,'','陈德铭20130423',25,3,''),(874,'李羽槕',3,9,'11111120130505a24f',1,'2022-06-26 21:06:21','20130505','2022-06-26 21:06:21',1,1,'','李羽槕20130505',25,3,''),(875,'潘一帆',3,8,'520402201210234049',2,'2022-06-26 21:06:21','20121023','2022-06-26 21:06:21',1,1,'','潘一帆20121023',25,3,''),(876,'谭红飞',3,8,'130533201307034227',1,'2022-06-26 21:06:21','20130410','2022-06-26 21:06:21',1,1,'','谭红飞20130703',25,3,''),(877,'赵亮',3,9,'522422201207233413',1,'2022-06-26 21:06:21','20120723','2022-06-26 21:06:21',1,1,'','赵亮20120723',25,3,''),(878,'王子游',3,9,'11111120121116b299',1,'2022-06-26 21:06:21','20121116','2022-06-26 21:06:21',1,1,'','王子游20121116',25,3,''),(879,'郭倩',3,8,'522426201301122424',2,'2022-06-26 21:06:21','20130112','2022-06-26 21:06:21',1,1,'','郭倩20130112',25,3,''),(880,'刘旭骏',3,9,'522424201203245217',1,'2022-06-26 21:06:21','20120324','2022-06-26 21:06:21',1,1,'','刘旭骏20120324',25,3,''),(881,'张铭轩',3,8,'522230201308060020',1,'2022-06-26 21:06:21','20130123','2022-06-26 21:06:21',1,1,'','张铭轩20130806',25,3,''),(882,'邓婼熙',3,8,'511622201212249442',2,'2022-06-26 21:06:21','20121224','2022-06-26 21:06:21',1,1,'','邓婼熙20121224',25,3,''),(883,'苗浩然',3,8,'130432201302031332',1,'2022-06-26 21:06:21','20130203','2022-06-26 21:06:21',1,1,'','苗浩然20130203',25,3,''),(884,'阮世杰',3,8,'130432201308291311',1,'2022-06-26 21:06:21','20130118','2022-06-26 21:06:21',1,1,'','阮世杰20130829',25,3,''),(885,'薄益展',3,8,'411324201308220532',1,'2022-06-26 21:06:21','20130822','2022-06-26 21:06:21',1,1,'','薄益展20130822',25,3,''),(886,'王泽铭',3,8,'511702201303172049',1,'2022-06-26 21:06:21','20130407','2022-06-26 21:06:21',1,1,'','王泽铭20130317',25,3,''),(887,'张怡然',3,8,'522424201302042618',2,'2022-06-26 21:06:21','20121108','2022-06-26 21:06:21',1,1,'','张怡然20130204',25,3,''),(888,'班锦杰',3,8,'130432201303121313',1,'2022-06-26 21:06:21','20130312','2022-06-26 21:06:21',1,1,'','班锦杰20130312',25,3,''),(889,'黄俊豪',3,8,'500223201209213037',1,'2022-06-26 21:06:21','20120921','2022-06-26 21:06:21',1,1,'','黄俊豪20120921',25,3,''),(890,'罗梓玉',3,8,'420111201306213425',2,'2022-06-26 21:06:21','20130621','2022-06-26 21:06:21',1,1,'','罗梓玉20130621',25,3,''),(891,'宋依娜',3,8,'522224201301033823',2,'2022-06-26 21:06:21','20130703','2022-06-26 21:06:21',1,1,'','宋依娜20130103',25,3,''),(892,'唐佳昔',3,8,'520111201209111834',2,'2022-06-26 21:06:21','20121213','2022-06-26 21:06:21',1,1,'','唐佳昔20120911',25,3,''),(893,'王悦涵',3,8,'520111201302061819',2,'2022-06-26 21:06:21','20130317','2022-06-26 21:06:21',1,1,'','王悦涵20130206',25,3,''),(894,'刚雨鸣',3,8,'411324201212113011',1,'2022-06-26 21:06:21','20121211','2022-06-26 21:06:21',1,1,'','刚雨鸣20121211',25,3,''),(895,'安星霖',3,8,'41132420120917303X',1,'2022-06-26 21:06:21','20120917','2022-06-26 21:06:21',1,1,'','安星霖20120917',25,3,''),(896,'蒙诗雨',3,8,'500117201210276980',2,'2022-06-26 21:06:21','20121027','2022-06-26 21:06:21',1,1,'','蒙诗雨20121027',25,3,''),(897,'王煜均',3,8,'52018120130227133X',1,'2022-06-26 21:06:21','20130206','2022-06-26 21:06:21',1,1,'','王煜均20130227',25,3,''),(898,'唐浩尧',3,8,'520111201210244511',1,'2022-06-26 21:06:21','20121024','2022-06-26 21:06:21',1,1,'','唐浩尧20121024',26,3,''),(899,'柏香逸',3,8,'520111201306224240',2,'2022-06-26 21:06:21','20130622','2022-06-26 21:06:21',1,1,'','柏香逸20130622',26,3,''),(900,'陈显航',3,8,'520111201307084219',1,'2022-06-26 21:06:21','20130708','2022-06-26 21:06:21',1,1,'','陈显航20130708',26,3,''),(901,'赵廷鑫',3,8,'520111201307034211',1,'2022-06-26 21:06:21','20130703','2022-06-26 21:06:21',1,1,'','赵廷鑫20130703',26,3,''),(902,'陈勇勇',3,8,'522422201302170035',1,'2022-06-26 21:06:21','20130217','2022-06-26 21:06:21',1,1,'','陈勇勇20130217',26,3,''),(903,'张阳阳',3,8,'520222201211271620',2,'2022-06-26 21:06:21','20121127','2022-06-26 21:06:21',1,1,'','张阳阳20121127',26,3,''),(904,'刘毅臣',3,8,'52032320130826703X',1,'2022-06-26 21:06:21','20130826','2022-06-26 21:06:21',1,1,'','刘毅臣20130826',26,3,''),(905,'胡毅秋',3,8,'522423201209275031',1,'2022-06-26 21:06:21','20120927','2022-06-26 21:06:21',1,1,'','胡毅秋20120927',26,3,''),(906,'罗曦瑞',3,8,'522723201303240843',2,'2022-06-26 21:06:21','20130324','2022-06-26 21:06:21',1,1,'','罗曦瑞20130324',26,3,''),(907,'王羽桐',3,8,'522423201211110105',2,'2022-06-26 21:06:21','20121111','2022-06-26 21:06:21',1,1,'','王羽桐20121111',26,3,''),(908,'李成名',3,8,'361125201306221014',1,'2022-06-26 21:06:21','20130622','2022-06-26 21:06:21',1,1,'','李成名20130622',26,3,''),(909,'刘龙胜',3,8,'522730201304210412',1,'2022-06-26 21:06:21','20130421','2022-06-26 21:06:21',1,1,'','刘龙胜20130421',26,3,''),(910,'何大明',3,8,'522730201301111515',1,'2022-06-26 21:06:21','20130111','2022-06-26 21:06:21',1,1,'','何大明20130111',26,3,''),(911,'潘胜江',3,8,'522622201301280014',1,'2022-06-26 21:06:21','20130128','2022-06-26 21:06:21',1,1,'','潘胜江20130128',26,3,''),(912,'杨祺蓉',3,8,'522422201212183641',2,'2022-06-26 21:06:21','20121218','2022-06-26 21:06:21',1,1,'','杨祺蓉20121218',26,3,''),(913,'杨思睿',3,8,'520123201303150026',2,'2022-06-26 21:06:21','20130315','2022-06-26 21:06:21',1,1,'','杨思睿20130315',26,3,''),(914,'蔡语蝶',3,8,'522225201304258127',2,'2022-06-26 21:06:21','20130425','2022-06-26 21:06:21',1,1,'','蔡语蝶20130425',26,3,''),(915,'刘仁芳',3,8,'520327201212285028',2,'2022-06-26 21:06:21','20121228','2022-06-26 21:06:21',1,1,'','刘仁芳20121228',26,3,''),(916,'徐开茗',3,8,'522422201302011210',1,'2022-06-26 21:06:21','20130201','2022-06-26 21:06:21',1,1,'','徐开茗20130201',26,3,''),(917,'胡林鑫',3,8,'522730201305181510',1,'2022-06-26 21:06:21','20130518','2022-06-26 21:06:21',1,1,'','胡林鑫20130518',26,3,''),(918,'代智颖',3,8,'522424201303251622',2,'2022-06-26 21:06:21','20130325','2022-06-26 21:06:21',1,1,'','代智颖20130325',26,3,''),(919,'钟利林鸿',3,8,'520330201307022114',1,'2022-06-26 21:06:21','20130702','2022-06-26 21:06:21',1,1,'','钟利林鸿20130702',26,3,''),(920,'刘天怡',3,8,'522423201209122924',2,'2022-06-26 21:06:21','20120912','2022-06-26 21:06:21',1,1,'','刘天怡20120912',26,3,''),(921,'甘煜婷',3,8,'520382201212221627',2,'2022-06-26 21:06:21','20121222','2022-06-26 21:06:21',1,1,'','甘煜婷20121222',26,3,''),(922,'罗进紫涵',3,8,'520181201302013621',2,'2022-06-26 21:06:21','20130201','2022-06-26 21:06:21',1,1,'','罗进紫涵20130201',26,3,''),(923,'王小雪',3,8,'520322201305232484',2,'2022-06-26 21:06:21','20130523','2022-06-26 21:06:21',1,1,'','王小雪20130523',26,3,''),(924,'焦延延',3,8,'522422201301263221',2,'2022-06-26 21:06:21','20130126','2022-06-26 21:06:21',1,1,'','焦延延20130126',26,3,''),(925,'严仁琦',3,8,'522626201211220021',2,'2022-06-26 21:06:21','20121122','2022-06-26 21:06:21',1,1,'','严仁琦20121122',26,3,''),(926,'漆家乐',3,8,'52242220130805641X',1,'2022-06-26 21:06:21','20130805','2022-06-26 21:06:21',1,1,'','漆家乐20130805',26,3,''),(927,'胡林馨',3,9,'522730201206031568',2,'2022-06-26 21:06:21','20120603','2022-06-26 21:06:21',1,1,'','胡林馨20120603',26,3,''),(928,'廖雪龙',3,8,'522730201211180410',1,'2022-06-26 21:06:21','20121118','2022-06-26 21:06:21',1,1,'','廖雪龙20121118',26,3,''),(929,'吴瑞霖',3,8,'520323201211215532',1,'2022-06-26 21:06:21','20121121','2022-06-26 21:06:21',1,1,'','吴瑞霖20121121',26,3,''),(930,'张雨涵',3,8,'522423201302047340',2,'2022-06-26 21:06:21','20130204','2022-06-26 21:06:21',1,1,'','张雨涵20130204',26,3,''),(931,'王佳玉',3,8,'510525201210240180',2,'2022-06-26 21:06:21','20121024','2022-06-26 21:06:21',1,1,'','王佳玉20121024',26,3,''),(932,'沈逸杨',3,8,'320411201211206719',1,'2022-06-26 21:06:21','20121120','2022-06-26 21:06:21',1,1,'','沈逸杨20121120',26,3,''),(933,'辛舒雅',3,8,'370830201209153523',2,'2022-06-26 21:06:21','20120915','2022-06-26 21:06:21',1,1,'','辛舒雅20120915',26,3,''),(934,'刘浩硕',3,8,'130432201212101333',1,'2022-06-26 21:06:21','20121210','2022-06-26 21:06:21',1,1,'','刘浩硕20121210',26,3,''),(935,'白惜梦',3,8,'42032220130328392X',2,'2022-06-26 21:06:21','20130328','2022-06-26 21:06:21',1,1,'','白惜梦20130328',26,3,''),(936,'郑钰轩',3,8,'420683201211153115',1,'2022-06-26 21:06:21','20121115','2022-06-26 21:06:21',1,1,'','郑钰轩20121115',26,3,''),(937,'张舒婷',3,8,'350181201303260200',2,'2022-06-26 21:06:21','20130326','2022-06-26 21:06:21',1,1,'','张舒婷20130326',26,3,''),(938,'沈钦策',3,8,'410101201302100074',1,'2022-06-26 21:06:21','20130210','2022-06-26 21:06:21',1,1,'','沈钦策20130210',26,3,''),(939,'许涛',3,8,'511725201307040312',1,'2022-06-26 21:06:21','20130704','2022-06-26 21:06:21',1,1,'','许涛20130704',26,3,''),(940,'许浩',3,8,'511725201307040339',1,'2022-06-26 21:06:21','20130704','2022-06-26 21:06:21',1,1,'','许浩20130704',26,3,''),(941,'江学棚',3,8,'35012120130528017X',1,'2022-06-26 21:06:21','20130528','2022-06-26 21:06:21',1,1,'','江学棚20130528',26,3,''),(942,'何振科',3,8,'411324201211081919',1,'2022-06-26 21:06:21','20121108','2022-06-26 21:06:21',1,1,'','何振科20121108',26,3,''),(943,'谢雨涵',3,8,'350302201209131627',2,'2022-06-26 21:06:21','20120913','2022-06-26 21:06:21',1,1,'','谢雨涵20120913',26,3,''),(944,'舒子涵',3,8,'431224201306200034',1,'2022-06-26 21:06:21','20130620','2022-06-26 21:06:21',1,1,'','舒子涵20130620',26,3,''),(945,'王乾星驰',3,8,'522427201303113253',1,'2022-06-26 21:06:21','20130311','2022-06-26 21:06:21',1,1,'','王乾星驰20130311',26,3,''),(946,'陈莘婷',3,8,'52011420121119122X',2,'2022-06-26 21:06:21','20121119','2022-06-26 21:06:21',1,1,'','陈莘婷20121119',26,3,''),(947,'游勋晨',3,8,'52011120121109181X',1,'2022-06-26 21:06:21','20121109','2022-06-26 21:06:21',1,1,'','游勋晨20121109',26,3,''),(948,'魏子翔',3,11,'520111201107301813',1,'2022-06-26 21:06:21','20110730','2022-06-26 21:06:21',1,1,'','魏子翔20110730',26,3,''),(949,'彭鑫妧',3,9,'522422201306116263',2,'2022-06-26 21:06:21','20130611','2022-06-26 21:06:21',1,1,'','彭鑫妧20130611',26,3,''),(950,'常纭瑄',3,9,'130534201304142122',2,'2022-06-26 21:06:21','20130414','2022-06-26 21:06:21',1,1,'','常纭瑄20130414',26,3,''),(951,'刘传睿',3,9,'520111201202261813',1,'2022-06-26 21:06:21','20120226','2022-06-26 21:06:21',1,1,'','刘传睿20120226',31,4,''),(952,'刘传智',3,9,'52011120120226183X',1,'2022-06-26 21:06:21','20120226','2022-06-26 21:06:21',1,1,'','刘传智20120226',31,4,''),(953,'赵成艺',3,9,'520121201112141810',1,'2022-06-26 21:06:21','20111214','2022-06-26 21:06:21',1,1,'','赵成艺20111214',31,4,''),(954,'罗晓妍',3,9,'520112201111130929',2,'2022-06-26 21:06:21','20111113','2022-06-26 21:06:21',1,1,'','罗晓妍20111113',31,4,''),(955,'吴文莉',3,9,'520111201206211821',2,'2022-06-26 21:06:22','20120621','2022-06-26 21:06:22',1,1,'','吴文莉20120621',31,4,''),(956,'宋焱腾',3,9,'520111201111081825',2,'2022-06-26 21:06:22','20111108','2022-06-26 21:06:22',1,1,'','宋焱腾20111108',31,4,''),(957,'林晓桐',3,9,'520111201208111824',2,'2022-06-26 21:06:22','20120811','2022-06-26 21:06:22',1,1,'','林晓桐20120811',31,4,''),(958,'刘唐伯霖',3,9,'520111201201111813',1,'2022-06-26 21:06:22','20120111','2022-06-26 21:06:22',1,1,'','刘唐伯霖20120111',31,4,''),(959,'李家旭 ',3,9,'52011120120106181X',1,'2022-06-26 21:06:22','20120106','2022-06-26 21:06:22',1,1,'','李家旭 20120106',31,4,''),(960,'柏龙洋',3,9,'520111201201211814',1,'2022-06-26 21:06:22','20120121','2022-06-26 21:06:22',1,1,'','柏龙洋20120121',31,4,''),(961,'柏文博',3,9,'520111201112081819',1,'2022-06-26 21:06:22','20111208','2022-06-26 21:06:22',1,1,'','柏文博20111208',31,4,''),(962,'柏文宇',3,9,'520111201112081835',1,'2022-06-26 21:06:22','20111208','2022-06-26 21:06:22',1,1,'','柏文宇20111208',31,4,''),(963,'杨礼莎',3,9,'520111201111221824',2,'2022-06-26 21:06:22','20111122','2022-06-26 21:06:22',1,1,'','杨礼莎20111122',31,4,''),(964,'陈馨怡',3,9,'520111201112261828',2,'2022-06-26 21:06:22','20111226','2022-06-26 21:06:22',1,1,'','陈馨怡20111226',31,4,''),(965,'罗佳美',3,9,'520111201203211826',2,'2022-06-26 21:06:22','20120321','2022-06-26 21:06:22',1,1,'','罗佳美20120321',31,4,''),(966,'陈锦晨',3,9,'520111201203291811',1,'2022-06-26 21:06:22','20120329','2022-06-26 21:06:22',1,1,'','陈锦晨20120329',31,4,''),(967,'陈跃熞',3,9,'520111201111221816',1,'2022-06-26 21:06:22','20111122','2022-06-26 21:06:22',1,1,'','陈跃熞20111122',31,4,''),(968,'陈朝敏',3,9,'520111201206181829',2,'2022-06-26 21:06:22','20120618','2022-06-26 21:06:22',1,1,'','陈朝敏20120618',31,4,''),(969,'陈昌凤',3,9,'520111201109141825',2,'2022-06-26 21:06:22','20110914','2022-06-26 21:06:22',1,1,'','陈昌凤20110914',31,4,''),(970,'刘佳贤',3,9,'52011120120501181X',1,'2022-06-26 21:06:22','20120501','2022-06-26 21:06:22',1,1,'','刘佳贤20120501',31,4,''),(971,'王鹏阳',3,9,'520111201205151839',1,'2022-06-26 21:06:22','20120515','2022-06-26 21:06:22',1,1,'','王鹏阳20120515',31,4,''),(972,'班光鑫',3,9,'520111201109121816',1,'2022-06-26 21:06:22','20110912','2022-06-26 21:06:22',1,1,'','班光鑫20110912',31,4,''),(973,'宋梓睿',3,9,'520111201203281832',1,'2022-06-26 21:06:22','20120328','2022-06-26 21:06:22',1,1,'','宋梓睿20120328',31,4,''),(974,'班唐紫玥',3,9,'520111201109291823',2,'2022-06-26 21:06:22','20110929','2022-06-26 21:06:22',1,1,'','班唐紫玥20110929',31,4,''),(975,'代素豪',3,9,'520111201207101835',1,'2022-06-26 21:06:22','20120710','2022-06-26 21:06:22',1,1,'','代素豪20120710',31,4,''),(976,'邵耀坤',3,9,'520111201112311813',1,'2022-06-26 21:06:22','20111231','2022-06-26 21:06:22',1,1,'','邵耀坤20111231',31,4,''),(977,'唐瑞林',3,9,'520111201109181835',1,'2022-06-26 21:06:22','20110918','2022-06-26 21:06:22',1,1,'','唐瑞林20110918',31,4,''),(978,'陈家豪',3,9,'52011120111111181X',1,'2022-06-26 21:06:22','20111111','2022-06-26 21:06:22',1,1,'','陈家豪20111111',31,4,''),(979,'唐锦妍',3,9,'520111201201151823',2,'2022-06-26 21:06:22','20120115','2022-06-26 21:06:22',1,1,'','唐锦妍20120115',31,4,''),(980,'王章钦灿',3,9,'520111201111031828',2,'2022-06-26 21:06:22','20111103','2022-06-26 21:06:22',1,1,'','王章钦灿20111103',31,4,''),(981,'王元彬',3,9,'52011120120608181X',1,'2022-06-26 21:06:22','20120608','2022-06-26 21:06:22',1,1,'','王元彬20120608',31,4,''),(982,'苏少崎',3,9,'520111201203231819',1,'2022-06-26 21:06:22','20120323','2022-06-26 21:06:22',1,1,'','苏少崎20120323',31,4,''),(983,'王可可',3,9,'520111201112274522',2,'2022-06-26 21:06:22','20111227','2022-06-26 21:06:22',1,1,'','王可可20111227',31,4,''),(984,' 王若莹',3,9,'520114201109051220',2,'2022-06-26 21:06:22','20110905','2022-06-26 21:06:22',1,1,'',' 王若莹20110905',31,4,''),(985,'陈杨瑞熙',3,9,'520114201208221264',2,'2022-06-26 21:06:22','20120822','2022-06-26 21:06:22',1,1,'','陈杨瑞熙20120822',31,4,''),(986,'冯泽萱',3,9,'520114201207231225',2,'2022-06-26 21:06:22','20120723','2022-06-26 21:06:22',1,1,'','冯泽萱20120723',31,4,''),(987,'王俐珺',3,9,'520103201204270422',2,'2022-06-26 21:06:22','20120427','2022-06-26 21:06:22',1,1,'','王俐珺20120427',31,4,''),(988,'陈漪岚',3,9,'520421201208022644',2,'2022-06-26 21:06:22','20120802','2022-06-26 21:06:22',1,1,'','陈漪岚20120802',31,4,''),(989,'杨晋一',3,9,'520322201202180837',1,'2022-06-26 21:06:22','20120218','2022-06-26 21:06:22',1,1,'','杨晋一20120218',31,4,''),(990,'夏俊峰',3,9,'520326201109140158',1,'2022-06-26 21:06:22','20110914','2022-06-26 21:06:22',1,1,'','夏俊峰20110914',31,4,''),(991,'罗华豪',3,9,'522423201208136718',1,'2022-06-26 21:06:22','20120813','2022-06-26 21:06:22',1,1,'','罗华豪20120813',31,4,''),(992,'徐銘丽',3,9,'522423201206122945',2,'2022-06-26 21:06:22','20120612','2022-06-26 21:06:22',1,1,'','徐銘丽20120612',31,4,''),(993,'赵禹彤',3,9,'522729201205073023',2,'2022-06-26 21:06:22','20120507','2022-06-26 21:06:22',1,1,'','赵禹彤20120507',31,4,''),(994,'严嘉炜',3,9,'421023201112113435',1,'2022-06-26 21:06:22','20111211','2022-06-26 21:06:22',1,1,'','严嘉炜20111211',31,4,''),(995,'肖渝渝',3,9,'411626201207155427',2,'2022-06-26 21:06:22','20120715','2022-06-26 21:06:22',1,1,'','肖渝渝20120715',31,4,''),(996,'王健成',3,9,'520111201110013919',1,'2022-06-26 21:06:22','20111001','2022-06-26 21:06:22',1,1,'','王健成20111001',31,4,''),(997,'姜飞燕',3,9,'52260120120823154X',2,'2022-06-26 21:06:22','20120823','2022-06-26 21:06:22',1,1,'','姜飞燕20120823',31,4,''),(998,'郭秋萌',3,9,'411324201110042822',2,'2022-06-26 21:06:22','20111004','2022-06-26 21:06:22',1,1,'','郭秋萌20111004',31,4,''),(999,'王浩然',3,9,'522225201203207830',1,'2022-06-26 21:06:22','20120320','2022-06-26 21:06:22',1,1,'','王浩然20120320',31,4,''),(1000,'常议滋',3,9,'411324201202023223',2,'2022-06-26 21:06:22','20120202','2022-06-26 21:06:22',1,1,'','常议滋20120202',31,4,''),(1001,'李榕露',3,9,'52222720120626004X',2,'2022-06-26 21:06:22','20120626','2022-06-26 21:06:22',1,1,'','李榕露20120626',32,4,''),(1002,'罗冰玉',3,9,'520111201206031820',2,'2022-06-26 21:06:22','20120603','2022-06-26 21:06:22',1,1,'','罗冰玉20120603',32,4,''),(1003,'陈道林',3,9,'520111201110081815',1,'2022-06-26 21:06:22','20111008','2022-06-26 21:06:22',1,1,'','陈道林20111008',32,4,''),(1004,'赵莲萍蕊',3,9,'520111201205271865',2,'2022-06-26 21:06:22','20120527','2022-06-26 21:06:22',1,1,'','赵莲萍蕊20120527',32,4,''),(1005,'任陈涛',3,9,'520111201110031834',1,'2022-06-26 21:06:22','20111003','2022-06-26 21:06:22',1,1,'','任陈涛20111003',32,4,''),(1006,'禹李昊',3,9,'520111201207071832',1,'2022-06-26 21:06:22','20120707','2022-06-26 21:06:22',1,1,'','禹李昊20120707',32,4,''),(1007,'赵月天雨',3,9,'520111201207021819',1,'2022-06-26 21:06:22','20120702','2022-06-26 21:06:22',1,1,'','赵月天雨20120702',32,4,''),(1008,'杨滢',3,9,'520111201206261829',2,'2022-06-26 21:06:22','20120626','2022-06-26 21:06:22',1,1,'','杨滢20120626',32,4,''),(1009,'罗天豪',3,9,'520111201202061811',1,'2022-06-26 21:06:22','20120206','2022-06-26 21:06:22',1,1,'','罗天豪20120206',32,4,''),(1010,'王万怡',3,9,'520111201205041824',2,'2022-06-26 21:06:22','20120504','2022-06-26 21:06:22',1,1,'','王万怡20120504',32,4,''),(1011,'王星雅',3,9,'520111201204301823',2,'2022-06-26 21:06:22','20120430','2022-06-26 21:06:22',1,1,'','王星雅20120430',32,4,''),(1012,'岳浩然',3,9,'520111201203021811',1,'2022-06-26 21:06:22','20120302','2022-06-26 21:06:22',1,1,'','岳浩然20120302',32,4,''),(1013,'班明钰蕾',3,9,'520111201205161842',2,'2022-06-26 21:06:22','20120516','2022-06-26 21:06:22',1,1,'','班明钰蕾20120516',32,4,''),(1014,'班仁礼馨',3,9,'520111201205151820',2,'2022-06-26 21:06:22','20120515','2022-06-26 21:06:22',1,1,'','班仁礼馨20120515',32,4,''),(1015,'岳安萍',3,9,'520111201208271828',2,'2022-06-26 21:06:22','20120827','2022-06-26 21:06:22',1,1,'','岳安萍20120827',32,4,''),(1016,'刘家轩',3,9,'520111201204021813',1,'2022-06-26 21:06:22','20120402','2022-06-26 21:06:22',1,1,'','刘家轩20120402',32,4,''),(1017,'焦子俊',3,9,'520111201203041812',1,'2022-06-26 21:06:22','20120304','2022-06-26 21:06:22',1,1,'','焦子俊20120304',32,4,''),(1018,'杨乐心',3,9,'520111201206251823',2,'2022-06-26 21:06:22','20120625','2022-06-26 21:06:22',1,1,'','杨乐心20120625',32,4,''),(1019,'罗雯雯',3,9,'520111201206121826',2,'2022-06-26 21:06:22','20120612','2022-06-26 21:06:22',1,1,'','罗雯雯20120612',32,4,''),(1020,'杨礼花',3,9,'520111201202191827',2,'2022-06-26 21:06:22','20120219','2022-06-26 21:06:22',1,1,'','杨礼花20120219',32,4,''),(1021,'魏必巍',3,10,'52011120110829183X',1,'2022-06-26 21:06:22','20110829','2022-06-26 21:06:22',1,1,'','魏必巍20110829',32,4,''),(1022,'陈正灵',3,9,'520111201208291810',1,'2022-06-26 21:06:22','20120829','2022-06-26 21:06:22',1,1,'','陈正灵20120829',32,4,''),(1023,'吴洪吕',3,9,'520114201203121221',2,'2022-06-26 21:06:22','20120312','2022-06-26 21:06:22',1,1,'','吴洪吕20120312',32,4,''),(1024,'夏瑞琪',3,9,'520103201208199029',2,'2022-06-26 21:06:22','20120819','2022-06-26 21:06:22',1,1,'','夏瑞琪20120819',32,4,''),(1025,'于继鸿',3,9,'520121201203065235',1,'2022-06-26 21:06:22','20120306','2022-06-26 21:06:22',1,1,'','于继鸿20120306',32,4,''),(1026,'廖雅淇',3,9,'522730201205031523',2,'2022-06-26 21:06:22','20120503','2022-06-26 21:06:22',1,1,'','廖雅淇20120503',32,4,''),(1027,'文宇扬',3,9,'520327201111123513',1,'2022-06-26 21:06:22','20111112','2022-06-26 21:06:22',1,1,'','文宇扬20111112',32,4,''),(1028,'吴建琦',3,9,'520421201204111420',2,'2022-06-26 21:06:22','20120411','2022-06-26 21:06:22',1,1,'','吴建琦20120411',32,4,''),(1029,'徐朗婷',3,9,'522423201206202929',2,'2022-06-26 21:06:22','20120620','2022-06-26 21:06:22',1,1,'','徐朗婷20120620',32,4,''),(1030,'王忆萌',3,9,'52272720120605362X',2,'2022-06-26 21:06:22','20120605','2022-06-26 21:06:22',1,1,'','王忆萌20120605',32,4,''),(1031,'王怡涵',3,10,'522423201106050067',2,'2022-06-26 21:06:22','20110605','2022-06-26 21:06:22',1,1,'','王怡涵20110605',32,4,''),(1032,'朱怡婷',3,9,'52242420120302182X',2,'2022-06-26 21:06:22','20120302','2022-06-26 21:06:22',1,1,'','朱怡婷20120302',32,4,''),(1033,'覃文雨',3,9,'522731201111298653',1,'2022-06-26 21:06:22','20111129','2022-06-26 21:06:22',1,1,'','覃文雨20111129',32,4,''),(1034,'杨子祺',3,9,'36012420120131062X',2,'2022-06-26 21:06:22','20120131','2022-06-26 21:06:22',1,1,'','杨子祺20120131',32,4,''),(1035,'段浩特',3,9,'320382201204030698',1,'2022-06-26 21:06:22','20120403','2022-06-26 21:06:22',1,1,'','段浩特20120403',32,4,''),(1036,'李欣宇',3,9,'511521201112175974',1,'2022-06-26 21:06:22','20111217','2022-06-26 21:06:22',1,1,'','李欣宇20111217',32,4,''),(1037,'吴双菊',3,9,'520111201201111848',2,'2022-06-26 21:06:22','20120111','2022-06-26 21:06:22',1,1,'','吴双菊20120111',32,4,''),(1038,'倪和楦',3,9,'522730201201291520',2,'2022-06-26 21:06:22','20120129','2022-06-26 21:06:22',1,1,'','倪和楦20120129',32,4,''),(1039,'王朝珍',3,9,'520111201111291822',2,'2022-06-26 21:06:22','20111129','2022-06-26 21:06:22',1,1,'','王朝珍20111129',32,4,''),(1040,'杨开贵',3,9,'520111201208181814',1,'2022-06-26 21:06:22','20120818','2022-06-26 21:06:22',1,1,'','杨开贵20120818',32,4,''),(1041,'王雨涛',3,9,'520111201203191837',1,'2022-06-26 21:06:22','20120319','2022-06-26 21:06:22',1,1,'','王雨涛20120319',32,4,''),(1042,'范宏翔',3,9,'520423201205314433',1,'2022-06-26 21:06:22','20120531','2022-06-26 21:06:22',1,1,'','范宏翔20120531',32,4,''),(1043,'郑婧媛',3,9,'130703201201142126',2,'2022-06-26 21:06:22','20120114','2022-06-26 21:06:22',1,1,'','郑婧媛20120114',32,4,''),(1044,'丁桠馨',3,9,'350128201112060220',2,'2022-06-26 21:06:22','20111206','2022-06-26 21:06:22',1,1,'','丁桠馨20111206',32,4,''),(1045,'王语墨',3,9,'522730201109211524',2,'2022-06-26 21:06:22','20110921','2022-06-26 21:06:22',1,1,'','王语墨20110921',32,4,''),(1046,'杨鑫泽',3,9,'522726201202221917',1,'2022-06-26 21:06:22','20120222','2022-06-26 21:06:22',1,1,'','杨鑫泽20120222',32,4,''),(1047,'蔡雨哲',3,9,'522424201112283816',1,'2022-06-26 21:06:22','20111220','2022-06-26 21:06:22',1,1,'','蔡雨哲20111228',32,4,''),(1048,'曹凯',3,9,'411324201207293011',1,'2022-06-26 21:06:22','20120729','2022-06-26 21:06:22',1,1,'','曹凯20120729',32,4,''),(1049,'刘燚杰',3,10,'111111201110197815',1,'2022-06-26 21:06:22','20111019','2022-06-26 21:06:22',1,1,'','刘燚杰20111019',32,4,''),(1050,'罗梦涵',3,10,'11111120120819acce',2,'2022-06-26 21:06:22','20120819','2022-06-26 21:06:22',1,1,'','罗梦涵20120819',32,4,''),(1051,'吴梦阳',3,10,'520422201012060098',1,'2022-06-26 21:06:22','20101206','2022-06-26 21:06:22',1,1,'','吴梦阳20101206',33,4,''),(1052,'秦家豪',3,9,'522422201110140093',1,'2022-06-26 21:06:22','20111014','2022-06-26 21:06:22',1,1,'','秦家豪20111014',33,4,''),(1053,'刘贵智',3,9,'520111201109271814',1,'2022-06-26 21:06:22','20110927','2022-06-26 21:06:22',1,1,'','刘贵智20110927',33,4,''),(1054,'赵民珺',3,9,'520111201204251811',1,'2022-06-26 21:06:22','20120425','2022-06-26 21:06:22',1,1,'','赵民珺20120425',33,4,''),(1055,'赵张贵',3,9,'520111201202071817',1,'2022-06-26 21:06:22','20120207','2022-06-26 21:06:22',1,1,'','赵张贵20120207',33,4,''),(1056,'刘睿涵',3,9,'520111201112201825',2,'2022-06-26 21:06:22','20111220','2022-06-26 21:06:22',1,1,'','刘睿涵20111220',33,4,''),(1057,'吴沙',3,9,'520111201201011847',2,'2022-06-26 21:06:22','20120101','2022-06-26 21:06:22',1,1,'','吴沙20120101',33,4,''),(1058,'蒲宗兴',3,9,'520111201110091810',1,'2022-06-26 21:06:22','20111009','2022-06-26 21:06:22',1,1,'','蒲宗兴20111009',33,4,''),(1059,'王健阳',3,9,'520111201112271831',1,'2022-06-26 21:06:22','20111227','2022-06-26 21:06:22',1,1,'','王健阳20111227',33,4,''),(1060,'王万发',3,9,'520111201109241818',1,'2022-06-26 21:06:22','20110924','2022-06-26 21:06:22',1,1,'','王万发20110924',33,4,''),(1061,'李云瑞',3,9,'520111201202111815',1,'2022-06-26 21:06:22','20120211','2022-06-26 21:06:22',1,1,'','李云瑞20120211',33,4,''),(1062,'陈吴曼语',3,9,'520111201112041825',2,'2022-06-26 21:06:22','20111204','2022-06-26 21:06:22',1,1,'','陈吴曼语20111204',33,4,''),(1063,'陈芷汐',3,9,'520111201204131828',2,'2022-06-26 21:06:22','20120413','2022-06-26 21:06:22',1,1,'','陈芷汐20120413',33,4,''),(1064,'陈语嫣',3,9,'520111201110131827',2,'2022-06-26 21:06:22','20111013','2022-06-26 21:06:22',1,1,'','陈语嫣20111013',33,4,''),(1065,'宋广浩',3,9,'520111201208011858',1,'2022-06-26 21:06:22','20120801','2022-06-26 21:06:22',1,1,'','宋广浩20120801',33,4,''),(1066,'杨济瑞',3,9,'52011120120625184X',2,'2022-06-26 21:06:22','20120625','2022-06-26 21:06:22',1,1,'','杨济瑞20120625',33,4,''),(1067,'王明烨',3,9,'520111201207171825',2,'2022-06-26 21:06:23','20120717','2022-06-26 21:06:23',1,1,'','王明烨20120717',33,4,''),(1068,'李石金',3,9,'520111201205101815',1,'2022-06-26 21:06:23','20120510','2022-06-26 21:06:23',1,1,'','李石金20120510',33,4,''),(1069,'陈江露',3,9,'520111201207031822',2,'2022-06-26 21:06:23','20120703','2022-06-26 21:06:23',1,1,'','陈江露20120703',33,4,''),(1070,'张皓宇',3,9,'520111201111271813',1,'2022-06-26 21:06:23','20111127','2022-06-26 21:06:23',1,1,'','张皓宇20111127',33,4,''),(1071,'苏瑶',3,9,'520111201109021823',2,'2022-06-26 21:06:23','20110902','2022-06-26 21:06:23',1,1,'','苏瑶20110902',33,4,''),(1072,'陈琳琳',3,9,'520111201207151824',2,'2022-06-26 21:06:23','20120715','2022-06-26 21:06:23',1,1,'','陈琳琳20120715',33,4,''),(1073,'王明皓',3,9,'520111201202281814',1,'2022-06-26 21:06:23','20120228','2022-06-26 21:06:23',1,1,'','王明皓20120228',33,4,''),(1074,'田晓彤',3,9,'522623201111210820',2,'2022-06-26 21:06:23','20111009','2022-06-26 21:06:23',1,1,'','田晓彤20111121',33,4,''),(1075,'禹贤淋',3,9,'520114201110181217',1,'2022-06-26 21:06:23','20111010','2022-06-26 21:06:23',1,1,'','禹贤淋20111018',33,4,''),(1076,'周佐玉',3,9,'520111201111044223',2,'2022-06-26 21:06:23','20111104','2022-06-26 21:06:23',1,1,'','周佐玉20111104',33,4,''),(1077,'王友顺',3,9,'520102201201046410',1,'2022-06-26 21:06:23','20111011','2022-06-26 21:06:23',1,1,'','王友顺20120104',33,4,''),(1078,'陈玥西',3,9,'52010220120314644X',2,'2022-06-26 21:06:23','20111012','2022-06-26 21:06:23',1,1,'','陈玥西20120314',33,4,''),(1079,'吴永鑫',3,9,'520321201206122259',1,'2022-06-26 21:06:23','20111014','2022-06-26 21:06:23',1,1,'','吴永鑫20120612',33,4,''),(1080,'李波艳',3,9,'522326201110101625',2,'2022-06-26 21:06:23','20111015','2022-06-26 21:06:23',1,1,'','李波艳20111010',33,4,''),(1081,'吴梦洁',3,9,'522601201208034220',2,'2022-06-26 21:06:23','20111017','2022-06-26 21:06:23',1,1,'','吴梦洁20120803',33,4,''),(1082,'张玉丹',3,9,'522425201203134222',2,'2022-06-26 21:06:23','20111019','2022-06-26 21:06:23',1,1,'','张玉丹20120313',33,4,''),(1083,'彭琳晨曦',3,9,'520203201204040024',2,'2022-06-26 21:06:23','20111020','2022-06-26 21:06:23',1,1,'','彭琳晨曦20120404',33,4,''),(1084,'刘清妍',3,9,'522422201103074905',2,'2022-06-26 21:06:23','20111021','2022-06-26 21:06:23',1,1,'','刘清妍20110307',33,4,''),(1085,'张文杰',3,9,'522622201112191039',1,'2022-06-26 21:06:23','20111219','2022-06-26 21:06:23',1,1,'','张文杰20111219',33,4,''),(1086,'刚潭',3,9,'411324201109063036',1,'2022-06-26 21:06:23','20111022','2022-06-26 21:06:23',1,1,'','刚潭20110906',33,4,''),(1087,'刘婉钰',3,9,'512021201201201066',2,'2022-06-26 21:06:23','20111023','2022-06-26 21:06:23',1,1,'','刘婉钰20120120',33,4,''),(1088,'蔡政宏',3,9,'520111201109150019',1,'2022-06-26 21:06:23','20111024','2022-06-26 21:06:23',1,1,'','蔡政宏20110915',33,4,''),(1089,'罗章博',3,9,'520114201205301218',1,'2022-06-26 21:06:23','20120530','2022-06-26 21:06:23',1,1,'','罗章博20120530',33,4,''),(1090,'郭泊利',3,8,'41132420130103282X',2,'2022-06-26 21:06:23','20130103','2022-06-26 21:06:23',1,1,'','郭泊利20130103',33,4,''),(1091,'张诗梦涵',3,9,'520111201109201824',2,'2022-06-26 21:06:23','20110920','2022-06-26 21:06:23',1,1,'','张诗梦涵20110920',33,4,''),(1092,'陈俊逸',3,10,'522422201108233653',1,'2022-06-26 21:06:23','20110823','2022-06-26 21:06:23',1,1,'','陈俊逸20110823',33,4,''),(1093,'周沿吉',3,9,'522723201206242310',1,'2022-06-26 21:06:23','20120624','2022-06-26 21:06:23',1,1,'','周沿吉20120624',33,4,''),(1094,'林晋玉',3,9,'522730201201251529',2,'2022-06-26 21:06:23','20120125','2022-06-26 21:06:23',1,1,'','林晋玉20120125',33,4,''),(1095,'邓博文',3,9,'522323201109120192',1,'2022-06-26 21:06:23','20110912','2022-06-26 21:06:23',1,1,'','邓博文20110912',33,4,''),(1096,'汪禹霏',3,9,'231282201112220105',2,'2022-06-26 21:06:23','20111222','2022-06-26 21:06:23',1,1,'','汪禹霏20111222',33,4,''),(1097,'杨鸿瑞',3,9,'520114201207180413',1,'2022-06-26 21:06:23','20120718','2022-06-26 21:06:23',1,1,'','杨鸿瑞20120718',33,4,''),(1098,'刘星浩',3,9,'520111201205151855',1,'2022-06-26 21:06:23','20120515','2022-06-26 21:06:23',1,1,'','刘星浩20120515',34,4,''),(1099,'刘星凌',3,9,'520111201205151847',2,'2022-06-26 21:06:23','20120515','2022-06-26 21:06:23',1,1,'','刘星凌20120515',34,4,''),(1100,'周妮娜',3,9,'520111201110181840',2,'2022-06-26 21:06:23','20111018','2022-06-26 21:06:23',1,1,'','周妮娜20111018',34,4,''),(1101,'张未博',3,9,'520111201203241814',1,'2022-06-26 21:06:23','20120314','2022-06-26 21:06:23',1,1,'','张未博20120324',34,4,''),(1102,'刘瞿睿',3,9,'520111201207161811',1,'2022-06-26 21:06:23','20120706','2022-06-26 21:06:23',1,1,'','刘瞿睿20120716',34,4,''),(1103,'王鑫泷',3,9,'520111201206011811',1,'2022-06-26 21:06:23','20120601','2022-06-26 21:06:23',1,1,'','王鑫泷20120601',34,4,''),(1104,'赵子涵',3,9,'52011120120616181X',1,'2022-06-26 21:06:23','20120616','2022-06-26 21:06:23',1,1,'','赵子涵20120616',34,4,''),(1105,'俞敬奎',3,9,'520111201203281816',1,'2022-06-26 21:06:23','20120328','2022-06-26 21:06:23',1,1,'','俞敬奎20120328',34,4,''),(1106,'罗天露',3,10,'520111201105281820',2,'2022-06-26 21:06:23','20110528','2022-06-26 21:06:23',1,1,'','罗天露20110528',34,4,''),(1107,'吴娟',3,9,'520111201205241842',2,'2022-06-26 21:06:23','20120524','2022-06-26 21:06:23',1,1,'','吴娟20120524',34,4,''),(1108,'曾已鑫',3,9,'520111201205131811',1,'2022-06-26 21:06:23','20120513','2022-06-26 21:06:23',1,1,'','曾已鑫20120513',34,4,''),(1109,'罗梦龙',3,9,'520111201202231817',1,'2022-06-26 21:06:23','20120223','2022-06-26 21:06:23',1,1,'','罗梦龙20120223',34,4,''),(1110,'陈律安',3,9,'520111201201051814',1,'2022-06-26 21:06:23','20120105','2022-06-26 21:06:23',1,1,'','陈律安20120105',34,4,''),(1111,'孙国琴',3,9,'520111201207071824',2,'2022-06-26 21:06:23','20120707','2022-06-26 21:06:23',1,1,'','孙国琴20120707',34,4,''),(1112,'李沛霖',3,9,'520111201112061818',1,'2022-06-26 21:06:23','20111206','2022-06-26 21:06:23',1,1,'','李沛霖20111206',34,4,''),(1113,'陈朝芊',3,9,'520111201110061822',2,'2022-06-26 21:06:23','20111006','2022-06-26 21:06:23',1,1,'','陈朝芊20111006',34,4,''),(1114,'班明灿',3,9,'520111201203281840',2,'2022-06-26 21:06:23','20120328','2022-06-26 21:06:23',1,1,'','班明灿20120328',34,4,''),(1115,'谢江菊',3,9,'520111201201171840',2,'2022-06-26 21:06:23','20120117','2022-06-26 21:06:23',1,1,'','谢江菊20120117',34,4,''),(1116,'班明辰',3,9,'520111201202011814',1,'2022-06-26 21:06:23','20120201','2022-06-26 21:06:23',1,1,'','班明辰20120201',34,4,''),(1117,'田峰豪',3,9,'520111201205141817',1,'2022-06-26 21:06:23','20120514','2022-06-26 21:06:23',1,1,'','田峰豪20120514',34,4,''),(1118,'罗斌帆',3,9,'520111201207101819',1,'2022-06-26 21:06:23','20120710','2022-06-26 21:06:23',1,1,'','罗斌帆20120710',34,4,''),(1119,'姚超荣',3,9,'520111201206011838',1,'2022-06-26 21:06:23','20120601','2022-06-26 21:06:23',1,1,'','姚超荣20120601',34,4,''),(1120,'周金润',3,9,'520111201110281825',2,'2022-06-26 21:06:23','20111028','2022-06-26 21:06:23',1,1,'','周金润20111028',34,4,''),(1121,'王章瑜',3,9,'520111201109071820',2,'2022-06-26 21:06:23','20110907','2022-06-26 21:06:23',1,1,'','王章瑜20110907',34,4,''),(1122,'金馨逸',3,9,'520111201202221838',1,'2022-06-26 21:06:23','20120202','2022-06-26 21:06:23',1,1,'','金馨逸20120222',34,4,''),(1123,'王玉豪',3,9,'520111201208251819',1,'2022-06-26 21:06:23','20120825','2022-06-26 21:06:23',1,1,'','王玉豪20120825',34,4,''),(1124,'王玉泷',3,9,'520111201206231814',1,'2022-06-26 21:06:23','20120623','2022-06-26 21:06:23',1,1,'','王玉泷20120623',34,4,''),(1125,'陈佩灵',3,9,'520111201204241840',2,'2022-06-26 21:06:23','20120424','2022-06-26 21:06:23',1,1,'','陈佩灵20120424',34,4,''),(1126,'袁瑞杰',3,9,'520111201112075419',1,'2022-06-26 21:06:23','20111207','2022-06-26 21:06:23',1,1,'','袁瑞杰20111207',34,4,''),(1127,'周嘉玲',3,9,'520111201201210440',2,'2022-06-26 21:06:23','20120121','2022-06-26 21:06:23',1,1,'','周嘉玲20120121',34,4,''),(1128,'唐健尧',3,9,'520111201109114536',1,'2022-06-26 21:06:23','20110911','2022-06-26 21:06:23',1,1,'','唐健尧20110911',34,4,''),(1129,'漆焰铃',3,9,'520114201110261225',2,'2022-06-26 21:06:23','20111026','2022-06-26 21:06:23',1,1,'','漆焰铃20111026',34,4,''),(1130,'徐晨依',3,9,'522730201202291522',2,'2022-06-26 21:06:23','20120229','2022-06-26 21:06:23',1,1,'','徐晨依20120229',34,4,''),(1131,'孙江龙',3,9,'522730201204041519',1,'2022-06-26 21:06:23','20120404','2022-06-26 21:06:23',1,1,'','孙江龙20120404',34,4,''),(1132,'丁睿兰',3,9,'522426201202236223',2,'2022-06-26 21:06:23','20120223','2022-06-26 21:06:23',1,1,'','丁睿兰20120223',34,4,''),(1133,'李盛蒽',3,9,'520421201208132245',2,'2022-06-26 21:06:23','20120813','2022-06-26 21:06:23',1,1,'','李盛蒽20120813',34,4,''),(1134,'钱书妍',3,9,'520222201109252028',2,'2022-06-26 21:06:23','20110925','2022-06-26 21:06:23',1,1,'','钱书妍20110925',34,4,''),(1135,'肖梦欣',3,9,'522423201205191949',2,'2022-06-26 21:06:23','20120519','2022-06-26 21:06:23',1,1,'','肖梦欣20120519',34,4,''),(1136,'吴彩坊',3,9,'522729201112123626',2,'2022-06-26 21:06:23','20111212','2022-06-26 21:06:23',1,1,'','吴彩坊20111212',34,4,''),(1137,'彭博钰',3,9,'431321201205080156',1,'2022-06-26 21:06:23','20120508','2022-06-26 21:06:23',1,1,'','彭博钰20120508',34,4,''),(1138,'唐俊洁',3,9,'511304201112132010',1,'2022-06-26 21:06:23','20111213','2022-06-26 21:06:23',1,1,'','唐俊洁20111213',34,4,''),(1139,'蒙旭',3,9,'450127201201125716',1,'2022-06-26 21:06:23','20120112','2022-06-26 21:06:23',1,1,'','蒙旭20120112',34,4,''),(1140,'杨沐晨',3,9,'522426201203220055',1,'2022-06-26 21:06:23','20120322','2022-06-26 21:06:23',1,1,'','杨沐晨20120322',34,4,''),(1141,'徐浩宇',3,9,'520111201201251816',1,'2022-06-26 21:06:23','20120125','2022-06-26 21:06:23',1,1,'','徐浩宇20120125',34,4,''),(1142,'黄欣怡',3,9,'522401201207062042',2,'2022-06-26 21:06:23','20120706','2022-06-26 21:06:23',1,1,'','黄欣怡20120706',34,4,''),(1143,'赵方燕',3,9,'522422201208031848',2,'2022-06-26 21:06:23','20120803','2022-06-26 21:06:23',1,1,'','赵方燕20120803',34,4,''),(1144,'田莹',3,9,'52011120120504542X',2,'2022-06-26 21:06:23','20120504','2022-06-26 21:06:23',1,1,'','田莹20120504',34,4,''),(1145,'杨光豪',3,9,'522625201201294338',1,'2022-06-26 21:06:23','20120129','2022-06-26 21:06:23',1,1,'','杨光豪20120129',34,4,''),(1146,'邓景逸',3,9,'522427201201083217',1,'2022-06-26 21:06:23','20120108','2022-06-26 21:06:23',1,1,'','邓景逸20120108',34,4,''),(1147,'韩甜道',3,11,'11111120110323c53a',1,'2022-06-26 21:06:23','20110323','2022-06-26 21:06:23',1,1,'','韩甜道20110323',34,4,''),(1148,'郭庆银',3,9,'522730201206191721',2,'2022-06-26 21:06:23','20120619','2022-06-26 21:06:23',1,1,'','郭庆银20120619',35,4,''),(1149,'杨靖宇',3,9,'520111201205301817',1,'2022-06-26 21:06:23','20120530','2022-06-26 21:06:23',1,1,'','杨靖宇20120530',35,4,''),(1150,'周钰琳',3,9,'520111201205081826',2,'2022-06-26 21:06:23','20120508','2022-06-26 21:06:23',1,1,'','周钰琳20120508',35,4,''),(1151,'周云焜',3,9,'520111201202201810',1,'2022-06-26 21:06:23','20120220','2022-06-26 21:06:23',1,1,'','周云焜20120220',35,4,''),(1152,'熊松',3,9,'520111201206141819',1,'2022-06-26 21:06:23','20120614','2022-06-26 21:06:23',1,1,'','熊松20120614',35,4,''),(1153,'陈贵毕',3,9,'520111201205171821',2,'2022-06-26 21:06:23','20120517','2022-06-26 21:06:23',1,1,'','陈贵毕20120517',35,4,''),(1154,'王彬艳',3,9,'520111201203051826',2,'2022-06-26 21:06:23','20120305','2022-06-26 21:06:23',1,1,'','王彬艳20120305',35,4,''),(1155,'杨家辰',3,9,'520111201109081818',1,'2022-06-26 21:06:23','20110908','2022-06-26 21:06:23',1,1,'','杨家辰20110908',35,4,''),(1156,'王桂湘',3,9,'520111201205101831',1,'2022-06-26 21:06:23','20120510','2022-06-26 21:06:23',1,1,'','王桂湘20120510',35,4,''),(1157,'张福健',3,9,'520111201208131833',1,'2022-06-26 21:06:23','20120813','2022-06-26 21:06:23',1,1,'','张福健20120813',35,4,''),(1158,'黄尹华',3,9,'520111201201131814',1,'2022-06-26 21:06:23','20120113','2022-06-26 21:06:23',1,1,'','黄尹华20120113',35,4,''),(1159,'柏语蔓',3,9,'520111201111211845',2,'2022-06-26 21:06:23','20111121','2022-06-26 21:06:23',1,1,'','柏语蔓20111121',35,4,''),(1160,'班明翼龙',3,9,'520111201208311818',1,'2022-06-26 21:06:23','20120831','2022-06-26 21:06:23',1,1,'','班明翼龙20120831',35,4,''),(1161,'班蕊',3,9,'520111201202161820',2,'2022-06-26 21:06:23','20120216','2022-06-26 21:06:23',1,1,'','班蕊20120216',35,4,''),(1162,'王子煜',3,9,'520111201203111817',1,'2022-06-26 21:06:23','20120311','2022-06-26 21:06:23',1,1,'','王子煜20120311',35,4,''),(1163,'王金凤',3,9,'520111201202051824',2,'2022-06-26 21:06:23','20120205','2022-06-26 21:06:23',1,1,'','王金凤20120205',35,4,''),(1164,'唐馨怡',3,9,'520111201202161847',2,'2022-06-26 21:06:23','20120216','2022-06-26 21:06:23',1,1,'','唐馨怡20120216',35,4,''),(1165,'陈天欣',3,9,'520111201202271827',2,'2022-06-26 21:06:23','20120227','2022-06-26 21:06:23',1,1,'','陈天欣20120227',35,4,''),(1166,'杨崇文',3,9,'520111201206071857',1,'2022-06-26 21:06:23','20120607','2022-06-26 21:06:23',1,1,'','杨崇文20120607',35,4,''),(1167,'唐元龙',3,9,'520111201205291815',1,'2022-06-26 21:06:23','20120529','2022-06-26 21:06:23',1,1,'','唐元龙20120529',35,4,''),(1168,'董子健',3,9,'520111201203291512',1,'2022-06-26 21:06:23','20120329','2022-06-26 21:06:23',1,1,'','董子健20120329',35,4,''),(1169,'董子康',3,9,'520111201203291539',1,'2022-06-26 21:06:23','20120329','2022-06-26 21:06:23',1,1,'','董子康20120329',35,4,''),(1170,'杨紫玉',3,10,'520111201010224225',2,'2022-06-26 21:06:23','20101022','2022-06-26 21:06:23',1,1,'','杨紫玉20101022',35,4,''),(1171,'文交如意',3,9,'522730201207231529',2,'2022-06-26 21:06:23','20120723','2022-06-26 21:06:23',1,1,'','文交如意20120723',35,4,''),(1172,'蒋杰龙',3,9,'520114201207111215',1,'2022-06-26 21:06:23','20120711','2022-06-26 21:06:23',1,1,'','蒋杰龙20120711',35,4,''),(1173,'杨映柔',3,9,'522422201112076646',2,'2022-06-26 21:06:23','20111207','2022-06-26 21:06:23',1,1,'','杨映柔20111207',35,4,''),(1174,'喻建军',3,9,'522401201205042013',1,'2022-06-26 21:06:23','20120504','2022-06-26 21:06:23',1,1,'','喻建军20120504',35,4,''),(1175,'罗华友',3,9,'522423201109100330',1,'2022-06-26 21:06:23','20110910','2022-06-26 21:06:23',1,1,'','罗华友20110910',35,4,''),(1176,'朱子瑜',3,10,'522730201107300064',2,'2022-06-26 21:06:23','20110730','2022-06-26 21:06:23',1,1,'','朱子瑜20110730',35,4,''),(1177,'骆彩虹',3,9,'520324201207120844',2,'2022-06-26 21:06:23','20120712','2022-06-26 21:06:23',1,1,'','骆彩虹20120712',35,4,''),(1178,'霍益唯',3,9,'34142420110919456X',2,'2022-06-26 21:06:24','20110919','2022-06-26 21:06:24',1,1,'','霍益唯20110919',35,4,''),(1179,'李科达',3,9,'410728201111080632',1,'2022-06-26 21:06:24','20111108','2022-06-26 21:06:24',1,1,'','李科达20111108',35,4,''),(1180,'朱钦嫚',3,9,'500102201207138005',2,'2022-06-26 21:06:24','20120713','2022-06-26 21:06:24',1,1,'','朱钦嫚20120713',35,4,''),(1181,'乔钦泽',3,9,'411328201111206054',1,'2022-06-26 21:06:24','20111120','2022-06-26 21:06:24',1,1,'','乔钦泽20111120',35,4,''),(1182,'戴梓阳',3,9,'430124201206130036',1,'2022-06-26 21:06:24','20120613','2022-06-26 21:06:24',1,1,'','戴梓阳20120613',35,4,''),(1183,'韩子轩',3,9,'411324201110262817',1,'2022-06-26 21:06:24','20111026','2022-06-26 21:06:24',1,1,'','韩子轩20111026',35,4,''),(1184,'李俊颉',3,9,'520103201203220810',1,'2022-06-26 21:06:24','20120322','2022-06-26 21:06:24',1,1,'','李俊颉20120322',35,4,''),(1185,'班光锦',3,9,'520103201205224428',2,'2022-06-26 21:06:24','20120522','2022-06-26 21:06:24',1,1,'','班光锦20120522',35,4,''),(1186,'张义豪',3,9,'522422201205074017',1,'2022-06-26 21:06:24','20120507','2022-06-26 21:06:24',1,1,'','张义豪20120507',35,4,''),(1187,'扶嘉豪',3,9,'522224201201114618',1,'2022-06-26 21:06:24','20120111','2022-06-26 21:06:24',1,1,'','扶嘉豪20120111',35,4,''),(1188,'陈勇',3,9,'52011120110917183X',1,'2022-06-26 21:06:24','20110917','2022-06-26 21:06:24',1,1,'','陈勇20110917',35,4,''),(1189,'班天榆',3,9,'52011120120513182X',2,'2022-06-26 21:06:24','20120513','2022-06-26 21:06:24',1,1,'','班天榆20120513',35,4,''),(1190,'刘文博',3,9,'522730201111191534',1,'2022-06-26 21:06:24','20111119','2022-06-26 21:06:24',1,1,'','刘文博20111119',35,4,''),(1191,'李星璐',3,9,'522730201207301523',2,'2022-06-26 21:06:24','20120730','2022-06-26 21:06:24',1,1,'','李星璐20120730',35,4,''),(1192,'班光磊',3,9,'520111201205271814',1,'2022-06-26 21:06:24','20120527','2022-06-26 21:06:24',1,1,'','班光磊20120527',35,4,''),(1193,'雷琦诗曼',3,9,'520111201112181828',2,'2022-06-26 21:06:24','20111218','2022-06-26 21:06:24',1,1,'','雷琦诗曼20111218',35,4,''),(1194,'黄文祥',3,9,'360981201110135011',1,'2022-06-26 21:06:24','20111013','2022-06-26 21:06:24',1,1,'','黄文祥20111013',35,4,''),(1195,'李嘉琪',3,9,'341225201206246531',1,'2022-06-26 21:06:24','20120624','2022-06-26 21:06:24',1,1,'','李嘉琪20120624',35,4,''),(1196,'谷红熙',3,8,'230231201202231325',2,'2022-06-26 21:06:24','20121122','2022-06-26 21:06:24',1,1,'','谷红熙20120223',35,4,''),(1197,'陈登金',3,9,'520114201111221217',1,'2022-06-26 21:06:24','20120223','2022-06-26 21:06:24',1,1,'','陈登金20111122',35,4,''),(1198,'帅学海',3,9,'520111201203201812',1,'2022-06-26 21:06:24','20120320','2022-06-26 21:06:24',1,1,'','帅学海20120320',36,4,''),(1199,'王康濠',3,9,'520111201109061833',1,'2022-06-26 21:06:24','20110906','2022-06-26 21:06:24',1,1,'','王康濠20110906',36,4,''),(1200,'曾俊杰',3,9,'520111201207131815',1,'2022-06-26 21:06:24','20120713','2022-06-26 21:06:24',1,1,'','曾俊杰20120713',36,4,''),(1201,'邹杨宏杰',3,9,'520111201207251817',1,'2022-06-26 21:06:24','20120725','2022-06-26 21:06:24',1,1,'','邹杨宏杰20120725',36,4,''),(1202,'李祺睿',3,9,'520111201203191810',1,'2022-06-26 21:06:24','20120319','2022-06-26 21:06:24',1,1,'','李祺睿20120319',36,4,''),(1203,'徐子财',3,9,'520111201201121819',1,'2022-06-26 21:06:24','20120112','2022-06-26 21:06:24',1,1,'','徐子财20120112',36,4,''),(1204,'李泽熙',3,9,'520111201205161818',1,'2022-06-26 21:06:24','20120516','2022-06-26 21:06:24',1,1,'','李泽熙20120516',36,4,''),(1205,'王雅晗',3,9,'520111201203311827',2,'2022-06-26 21:06:24','20120331','2022-06-26 21:06:24',1,1,'','王雅晗20120331',36,4,''),(1206,'王德金',3,9,'520111201206071814',1,'2022-06-26 21:06:24','20120607','2022-06-26 21:06:24',1,1,'','王德金20120607',36,4,''),(1207,'王万里',3,9,'520111201205261819',1,'2022-06-26 21:06:24','20120526','2022-06-26 21:06:24',1,1,'','王万里20120526',36,4,''),(1208,'黄丹',3,9,'520111201204121822',2,'2022-06-26 21:06:24','20120412','2022-06-26 21:06:24',1,1,'','黄丹20120412',36,4,''),(1209,'杨秀兵',3,9,'520111201206261810',1,'2022-06-26 21:06:24','20120626','2022-06-26 21:06:24',1,1,'','杨秀兵20120626',36,4,''),(1210,'梅吉祥',3,9,'520111201109181819',1,'2022-06-26 21:06:24','20110918','2022-06-26 21:06:24',1,1,'','梅吉祥20110918',36,4,''),(1211,'张羽霏',3,9,'520111201203231827',2,'2022-06-26 21:06:24','20120323','2022-06-26 21:06:24',1,1,'','张羽霏20120323',36,4,''),(1212,'吴永凡',3,9,'520111201208101829',2,'2022-06-26 21:06:24','20120810','2022-06-26 21:06:24',1,1,'','吴永凡20120810',36,4,''),(1213,'罗佳雯',3,9,'520111201201061844',2,'2022-06-26 21:06:24','20120106','2022-06-26 21:06:24',1,1,'','罗佳雯20120106',36,4,''),(1214,'陈家乐',3,9,'520111201205081818',1,'2022-06-26 21:06:24','20120508','2022-06-26 21:06:24',1,1,'','陈家乐20120508',36,4,''),(1215,'李世杰',3,9,'52011120120218183X',1,'2022-06-26 21:06:24','20120218','2022-06-26 21:06:24',1,1,'','李世杰20120218',36,4,''),(1216,'张金铃',3,9,'520111201205221825',2,'2022-06-26 21:06:24','20120522','2022-06-26 21:06:24',1,1,'','张金铃20120522',36,4,''),(1217,'班琳熙',3,9,'520111201205241826',2,'2022-06-26 21:06:24','20120524','2022-06-26 21:06:24',1,1,'','班琳熙20120524',36,4,''),(1218,'杨锦盈',3,9,'520111201205161826',2,'2022-06-26 21:06:24','20120516','2022-06-26 21:06:24',1,1,'','杨锦盈20120516',36,4,''),(1219,'魏以成',3,9,'520111201205191814',1,'2022-06-26 21:06:24','20120519','2022-06-26 21:06:24',1,1,'','魏以成20120519',36,4,''),(1220,'岑雨桐',3,9,'520111201205121824',2,'2022-06-26 21:06:24','20120512','2022-06-26 21:06:24',1,1,'','岑雨桐20120512',36,4,''),(1221,'陈兴硕',3,9,'520111201201021818',1,'2022-06-26 21:06:24','20120102','2022-06-26 21:06:24',1,1,'','陈兴硕20120102',36,4,''),(1222,'周瑾萱',3,9,'522424201208272425',2,'2022-06-26 21:06:24','20120827','2022-06-26 21:06:24',1,1,'','周瑾萱20120827',36,4,''),(1223,'熊馨怡',3,9,'520111201201240025',2,'2022-06-26 21:06:24','20120124','2022-06-26 21:06:24',1,1,'','熊馨怡20120124',36,4,''),(1224,'刘俊成',3,9,'52011420111205123X',1,'2022-06-26 21:06:24','20111205','2022-06-26 21:06:24',1,1,'','刘俊成20111205',36,4,''),(1225,'陈正佳',3,9,'520111201112163929',2,'2022-06-26 21:06:24','20111216','2022-06-26 21:06:24',1,1,'','陈正佳20111216',36,4,''),(1226,'龙柏诚',3,9,'520114201205191215',1,'2022-06-26 21:06:24','20120519','2022-06-26 21:06:24',1,1,'','龙柏诚20120519',36,4,''),(1227,'陈景世佳',3,9,'520102201206146429',2,'2022-06-26 21:06:24','20120614','2022-06-26 21:06:24',1,1,'','陈景世佳20120614',36,4,''),(1228,'何玉洁',3,10,'522730201108270100',2,'2022-06-26 21:06:24','20110827','2022-06-26 21:06:24',1,1,'','何玉洁20110827',36,4,''),(1229,'李成瑞',3,9,'520111201207314224',2,'2022-06-26 21:06:24','20120731','2022-06-26 21:06:24',1,1,'','李成瑞20120731',36,4,''),(1230,'袁瑞婕',3,9,'52240120111104902X',2,'2022-06-26 21:06:24','20111104','2022-06-26 21:06:24',1,1,'','袁瑞婕20111104',36,4,''),(1231,'吴佳鑫',3,9,'52242320120413298X',2,'2022-06-26 21:06:24','20120413','2022-06-26 21:06:24',1,1,'','吴佳鑫20120413',36,4,''),(1232,'陈明龙',3,9,'522730201203141534',1,'2022-06-26 21:06:24','20120314','2022-06-26 21:06:24',1,1,'','陈明龙20120314',36,4,''),(1233,'王文杰',3,9,'522702201111233815',1,'2022-06-26 21:06:24','20111123','2022-06-26 21:06:24',1,1,'','王文杰20111123',36,4,''),(1234,'周亦诗',3,9,'41132420120128590X',2,'2022-06-26 21:06:24','20120128','2022-06-26 21:06:24',1,1,'','周亦诗20120128',36,4,''),(1235,'潘辰铭',3,9,'411024201206140295',1,'2022-06-26 21:06:24','20120614','2022-06-26 21:06:24',1,1,'','潘辰铭20120614',36,4,''),(1236,'孙泽宇',3,9,'341522201110174294',1,'2022-06-26 21:06:24','20111017','2022-06-26 21:06:24',1,1,'','孙泽宇20111017',36,4,''),(1237,'熊峻熙',3,9,'511602201202236298',1,'2022-06-26 21:06:24','20120223','2022-06-26 21:06:24',1,1,'','熊峻熙20120223',36,4,''),(1238,'杨梓瑞',3,9,'520322201112227419',1,'2022-06-26 21:06:24','20111222','2022-06-26 21:06:24',1,1,'','杨梓瑞20111222',36,4,''),(1239,'杨开富',3,9,'520111201206061835',1,'2022-06-26 21:06:24','20120606','2022-06-26 21:06:24',1,1,'','杨开富20120606',36,4,''),(1240,'宋耳鑫',3,9,'522424201208212414',1,'2022-06-26 21:06:24','20120821','2022-06-26 21:06:24',1,1,'','宋耳鑫20120821',36,4,''),(1241,'林洋洋',3,9,'52273020120104153X',1,'2022-06-26 21:06:24','20120104','2022-06-26 21:06:24',1,1,'','林洋洋20120104',36,4,''),(1242,'晏昇睿',3,9,'522730201204051514',1,'2022-06-26 21:06:24','20120405','2022-06-26 21:06:24',1,1,'','晏昇睿20120405',36,4,''),(1243,'王珏兰',3,9,'520322201109192462',2,'2022-06-26 21:06:24','20110919','2022-06-26 21:06:24',1,1,'','王珏兰20110919',36,4,''),(1244,'李长杰',3,9,'520425201205313310',1,'2022-06-26 21:06:24','20120531','2022-06-26 21:06:24',1,1,'','李长杰20120531',36,4,''),(1245,'朱姚妮彦',3,9,'430523201202060443',2,'2022-06-26 21:06:24','20120206','2022-06-26 21:06:24',1,1,'','朱姚妮彦20120206',36,4,''),(1246,'张文雯',3,9,'520111201208301847',2,'2022-06-26 21:06:24','20120830','2022-06-26 21:06:24',1,1,'','张文雯20120830',36,4,''),(1247,'杨俊',3,9,'522725201203025217',1,'2022-06-26 21:06:24','20120302','2022-06-26 21:06:24',1,1,'','杨俊20120302',36,4,''),(1248,'宋昕远',3,10,'520111201012301837',1,'2022-06-26 21:06:24','20101230','2022-06-26 21:06:24',1,1,'','宋昕远20101230',41,5,''),(1249,'张杨云晧',3,10,'520111201104091814',1,'2022-06-26 21:06:24','20110409','2022-06-26 21:06:24',1,1,'','张杨云晧20110409',41,5,''),(1250,'何宇轩',3,10,'520111201011171831',1,'2022-06-26 21:06:24','20101117','2022-06-26 21:06:24',1,1,'','何宇轩20101117',41,5,''),(1251,'王菲艳',3,10,'520111201107281824',2,'2022-06-26 21:06:24','20110728','2022-06-26 21:06:24',1,1,'','王菲艳20110728',41,5,''),(1252,'赵刚领',3,10,'520111201011061819',1,'2022-06-26 21:06:24','20101106','2022-06-26 21:06:24',1,1,'','赵刚领20101106',41,5,''),(1253,'王忆萍',3,10,'520111201105051822',2,'2022-06-26 21:06:24','20110505','2022-06-26 21:06:24',1,1,'','王忆萍20110505',41,5,''),(1254,'文子涵',3,10,'520111201105091832',1,'2022-06-26 21:06:24','20110509','2022-06-26 21:06:24',1,1,'','文子涵20110509',41,5,''),(1255,'何光仪翔',3,10,'520111201107161814',1,'2022-06-26 21:06:24','20110716','2022-06-26 21:06:24',1,1,'','何光仪翔20110716',41,5,''),(1256,'聂欣欣',3,10,'520111201101311826',2,'2022-06-26 21:06:24','20110131','2022-06-26 21:06:24',1,1,'','聂欣欣20110131',41,5,''),(1257,'陈济堂',3,10,'520111201107011816',1,'2022-06-26 21:06:24','20110701','2022-06-26 21:06:24',1,1,'','陈济堂20110701',41,5,''),(1258,'陈郅瑄',3,10,'520111201102141830',1,'2022-06-26 21:06:24','20110214','2022-06-26 21:06:24',1,1,'','陈郅瑄20110214',41,5,''),(1259,'杨竣淇',3,10,'520111201010151820',2,'2022-06-26 21:06:24','20101015','2022-06-26 21:06:24',1,1,'','杨竣淇20101015',41,5,''),(1260,'王祥子越',3,10,'520111201105091824',2,'2022-06-26 21:06:24','20110509','2022-06-26 21:06:24',1,1,'','王祥子越20110509',41,5,''),(1261,'王万忠',3,10,'52011120110511183X',1,'2022-06-26 21:06:24','20110511','2022-06-26 21:06:24',1,1,'','王万忠20110511',41,5,''),(1262,'罗桂兰',3,10,'520111201012301829',2,'2022-06-26 21:06:24','20101203','2022-06-26 21:06:24',1,1,'','罗桂兰20101230',41,5,''),(1263,'王明叶',3,10,'520111201103271848',2,'2022-06-26 21:06:24','20110327','2022-06-26 21:06:24',1,1,'','王明叶20110327',41,5,''),(1264,'帅学勋',3,10,'520111201108041830',1,'2022-06-26 21:06:24','20110804','2022-06-26 21:06:24',1,1,'','帅学勋20110804',41,5,''),(1265,'曾媛',3,10,'520111201103141824',2,'2022-06-26 21:06:24','20110314','2022-06-26 21:06:24',1,1,'','曾媛20110314',41,5,''),(1266,'陈锦杰',3,10,'520111201108041814',1,'2022-06-26 21:06:24','20110804','2022-06-26 21:06:24',1,1,'','陈锦杰20110804',41,5,''),(1267,'罗文强',3,10,'520111201009281812',1,'2022-06-26 21:06:24','20100928','2022-06-26 21:06:24',1,1,'','罗文强20100928',41,5,''),(1268,'李歆辰',3,10,'520111201106151825',2,'2022-06-26 21:06:24','20110615','2022-06-26 21:06:24',1,1,'','李歆辰20110615',41,5,''),(1269,'陈浩霖',3,10,'520111201012131815',1,'2022-06-26 21:06:24','20101213','2022-06-26 21:06:24',1,1,'','陈浩霖20101213',41,5,''),(1270,'张峻崧',3,10,'520111201105281812',1,'2022-06-26 21:06:24','20110528','2022-06-26 21:06:24',1,1,'','张峻崧20110528',41,5,''),(1271,'黄晨希',3,10,'520111201012091833',1,'2022-06-26 21:06:24','20101209','2022-06-26 21:06:24',1,1,'','黄晨希20101209',41,5,''),(1272,'吴王毅',3,10,'520111201106191819',1,'2022-06-26 21:06:24','20110619','2022-06-26 21:06:24',1,1,'','吴王毅20110619',41,5,''),(1273,'王章哲',3,10,'520111201106251826',2,'2022-06-26 21:06:24','20110625','2022-06-26 21:06:24',1,1,'','王章哲20110625',41,5,''),(1274,'钱廷怡',3,10,'520111201101221847',2,'2022-06-26 21:06:24','20110122','2022-06-26 21:06:24',1,1,'','钱廷怡20110122',41,5,''),(1275,'刘俊熙',3,10,'520111201102261816',1,'2022-06-26 21:06:24','20110226','2022-06-26 21:06:24',1,1,'','刘俊熙20110226',41,5,''),(1276,'李炫宏',3,10,'520111201011151814',1,'2022-06-26 21:06:24','20101115','2022-06-26 21:06:24',1,1,'','李炫宏20101115',41,5,''),(1277,'徐静怡',3,10,'520111201011051864',2,'2022-06-26 21:06:24','20101105','2022-06-26 21:06:24',1,1,'','徐静怡20101105',41,5,''),(1278,'刘志豪',3,10,'520111201105101834',1,'2022-06-26 21:06:24','20110510','2022-06-26 21:06:24',1,1,'','刘志豪20110510',41,5,''),(1279,'张仁玟栋',3,10,'520111201012241811',1,'2022-06-26 21:06:24','20101224','2022-06-26 21:06:24',1,1,'','张仁玟栋20101224',41,5,''),(1280,'马晓筱',3,10,'520114201102231245',2,'2022-06-26 21:06:24','20110223','2022-06-26 21:06:24',1,1,'','马晓筱20110223',41,5,''),(1281,'郑智林',3,11,'520114201007301217',1,'2022-06-26 21:06:24','20100730','2022-06-26 21:06:24',1,1,'','郑智林20100730',41,5,''),(1282,'李鑫国',3,10,'520111201106030011',1,'2022-06-26 21:06:24','20110603','2022-06-26 21:06:24',1,1,'','李鑫国20110603',41,5,''),(1283,'李姚思露',3,10,'520114201103011228',2,'2022-06-26 21:06:24','20110301','2022-06-26 21:06:24',1,1,'','李姚思露20110301',41,5,''),(1284,'张鑫阔',3,10,'520102201010087818',1,'2022-06-26 21:06:24','20101008','2022-06-26 21:06:24',1,1,'','张鑫阔20101008',41,5,''),(1285,'高羽彤',3,10,'522426201010200162',2,'2022-06-26 21:06:24','20101020','2022-06-26 21:06:24',1,1,'','高羽彤20101020',41,5,''),(1286,'姜楠',3,10,'522730201012250084',2,'2022-06-26 21:06:24','20101225','2022-06-26 21:06:24',1,1,'','姜楠20101225',41,5,''),(1287,'杨弟举',3,11,'52242420100803385X',1,'2022-06-26 21:06:24','20100803','2022-06-26 21:06:24',1,1,'','杨弟举20100803',41,5,''),(1288,'徐小涵',3,10,'522422201012041227',2,'2022-06-26 21:06:25','20101204','2022-06-26 21:06:25',1,1,'','徐小涵20101204',41,5,''),(1289,'刘欣怡',3,10,'420602201010283548',2,'2022-06-26 21:06:25','20101028','2022-06-26 21:06:25',1,1,'','刘欣怡20101028',41,5,''),(1290,'魏建州',3,10,'350722201104300639',1,'2022-06-26 21:06:25','20110430','2022-06-26 21:06:25',1,1,'','魏建州20110430',41,5,''),(1291,'何昀展',3,10,'411324201012191939',1,'2022-06-26 21:06:25','20101219','2022-06-26 21:06:25',1,1,'','何昀展20101219',41,5,''),(1292,'郝兴胤',3,10,'52011120110311181X',1,'2022-06-26 21:06:25','20110311','2022-06-26 21:06:25',1,1,'','郝兴胤20110311',41,5,''),(1293,'石钊',3,10,'431224201105290192',1,'2022-06-26 21:06:25','20110529','2022-06-26 21:06:25',1,1,'','石钊20110529',41,5,''),(1294,'张俊睿',3,10,'520113201101130411',1,'2022-06-26 21:06:25','20110113','2022-06-26 21:06:25',1,1,'','张俊睿20110113',41,5,''),(1295,'刘坤莎',3,11,'1111112011020994bd',2,'2022-06-26 21:06:25','20110209','2022-06-26 21:06:25',1,1,'','刘坤莎20110209',41,5,''),(1296,'罗雨佳',3,10,'52011120110630182X',2,'2022-06-26 21:06:25','20110630','2022-06-26 21:06:25',1,1,'','罗雨佳20110630',42,5,''),(1297,'刘俊杰',3,10,'522424201105300497',1,'2022-06-26 21:06:25','20110503','2022-06-26 21:06:25',1,1,'','刘俊杰20110530',42,5,''),(1298,'陈怡伽',3,10,'520111201107031825',2,'2022-06-26 21:06:25','20110703','2022-06-26 21:06:25',1,1,'','陈怡伽20110703',42,5,''),(1299,'杨博超',3,10,'520111201009021818',1,'2022-06-26 21:06:25','20100902','2022-06-26 21:06:25',1,1,'','杨博超20100902',42,5,''),(1300,'罗正航',3,10,'520111201012131831',1,'2022-06-26 21:06:25','20101213','2022-06-26 21:06:25',1,1,'','罗正航20101213',42,5,''),(1301,'焦洪地',3,10,'520111201104091830',1,'2022-06-26 21:06:25','20110409','2022-06-26 21:06:25',1,1,'','焦洪地20110409',42,5,''),(1302,'王圣齐',3,10,'520111201011191824',2,'2022-06-26 21:06:25','20101119','2022-06-26 21:06:25',1,1,'','王圣齐20101119',42,5,''),(1303,'杨礼英',3,10,'520111201101071826',2,'2022-06-26 21:06:25','20110107','2022-06-26 21:06:25',1,1,'','杨礼英20110107',42,5,''),(1304,'陈郅睿',3,10,'520111201102141814',1,'2022-06-26 21:06:25','20110214','2022-06-26 21:06:25',1,1,'','陈郅睿20110214',42,5,''),(1305,'陈震轩',3,10,'520111201012111814',1,'2022-06-26 21:06:25','20101211','2022-06-26 21:06:25',1,1,'','陈震轩20101211',42,5,''),(1306,'陈正阳',3,10,'520111201104161819',1,'2022-06-26 21:06:25','20110416','2022-06-26 21:06:25',1,1,'','陈正阳20110416',42,5,''),(1307,'周易瑶',3,10,'520111201103051829',2,'2022-06-26 21:06:25','20110305','2022-06-26 21:06:25',1,1,'','周易瑶20110305',42,5,''),(1308,'肖浩宇',3,10,'520111201107191810',1,'2022-06-26 21:06:25','20110719','2022-06-26 21:06:25',1,1,'','肖浩宇20110719',42,5,''),(1309,'帅士垠',3,10,'520111201107071827',2,'2022-06-26 21:06:25','20110707','2022-06-26 21:06:25',1,1,'','帅士垠20110707',42,5,''),(1310,'罗洋琨',3,10,'520111201103301816',1,'2022-06-26 21:06:25','20110330','2022-06-26 21:06:25',1,1,'','罗洋琨20110330',42,5,''),(1311,'杨福康',3,10,'520111201108261817',1,'2022-06-26 21:06:25','20110826','2022-06-26 21:06:25',1,1,'','杨福康20110826',42,5,''),(1312,'邓小健',3,10,'520111201108181825',2,'2022-06-26 21:06:25','20110818','2022-06-26 21:06:25',1,1,'','邓小健20110818',42,5,''),(1313,'易腾慷',3,10,'520111201011121818',1,'2022-06-26 21:06:25','20101112','2022-06-26 21:06:25',1,1,'','易腾慷20101112',42,5,''),(1314,'谌圣贤',3,10,'520111201010311812',1,'2022-06-26 21:06:25','20101031','2022-06-26 21:06:25',1,1,'','谌圣贤20101031',42,5,''),(1315,'陈佳美慧',3,10,'520111201010031829',2,'2022-06-26 21:06:25','20101003','2022-06-26 21:06:25',1,1,'','陈佳美慧20101003',42,5,''),(1316,'班起钰',3,10,'520111201105041819',1,'2022-06-26 21:06:25','20110504','2022-06-26 21:06:25',1,1,'','班起钰20110504',42,5,''),(1317,'罗智翔',3,10,'520111201012091817',1,'2022-06-26 21:06:25','20101209','2022-06-26 21:06:25',1,1,'','罗智翔20101209',42,5,''),(1318,'班明梓灵',3,10,'520111201010171821',2,'2022-06-26 21:06:25','20101017','2022-06-26 21:06:25',1,1,'','班明梓灵20101017',42,5,''),(1319,'班仁康',3,10,'520111201010201832',1,'2022-06-26 21:06:25','20101020','2022-06-26 21:06:25',1,1,'','班仁康20101020',42,5,''),(1320,'周俊辉',3,10,'520111201104241819',1,'2022-06-26 21:06:25','20110424','2022-06-26 21:06:25',1,1,'','周俊辉20110424',42,5,''),(1321,'李志航',3,10,'520111201009151815',1,'2022-06-26 21:06:25','20100915','2022-06-26 21:06:25',1,1,'','李志航20100915',42,5,''),(1322,'唐绮妤',3,10,'520111201104291824',2,'2022-06-26 21:06:25','20110429','2022-06-26 21:06:25',1,1,'','唐绮妤20110429',42,5,''),(1323,'唐佳磊',3,10,'52011120101124181X',1,'2022-06-26 21:06:25','20101124','2022-06-26 21:06:25',1,1,'','唐佳磊20101124',42,5,''),(1324,'王玉帆',3,10,'520111201106061811',1,'2022-06-26 21:06:25','20110606','2022-06-26 21:06:25',1,1,'','王玉帆20110606',42,5,''),(1325,'唐锦欣',3,10,'520111201107161822',2,'2022-06-26 21:06:25','20110716','2022-06-26 21:06:25',1,1,'','唐锦欣20110716',42,5,''),(1326,'王廷梁',3,10,'520111201105051814',1,'2022-06-26 21:06:25','20110505','2022-06-26 21:06:25',1,1,'','王廷梁20110505',42,5,''),(1327,'王玉玲',3,10,'520111201009211849',2,'2022-06-26 21:06:25','20100902','2022-06-26 21:06:25',1,1,'','王玉玲20100921',42,5,''),(1328,'王泽雪',3,10,'520111201101221820',2,'2022-06-26 21:06:25','20110122','2022-06-26 21:06:25',1,1,'','王泽雪20110122',42,5,''),(1329,'陈璟睿',3,10,'520111201104141818',1,'2022-06-26 21:06:25','20110414','2022-06-26 21:06:25',1,1,'','陈璟睿20110414',42,5,''),(1330,'王灿',3,10,'520111201103131845',2,'2022-06-26 21:06:25','20110313','2022-06-26 21:06:25',1,1,'','王灿20110313',42,5,''),(1331,'陈明扬',3,10,'520114201009011213',1,'2022-06-26 21:06:25','20100901','2022-06-26 21:06:25',1,1,'','陈明扬20100901',42,5,''),(1332,'伍湘怡',3,10,'520181201107244846',2,'2022-06-26 21:06:25','20110724','2022-06-26 21:06:25',1,1,'','伍湘怡20110724',42,5,''),(1333,'徐瑜宏',3,10,'522423201010200921',2,'2022-06-26 21:06:25','20101020','2022-06-26 21:06:25',1,1,'','徐瑜宏20101020',42,5,''),(1334,'陈语涵',3,10,'520321201101120142',2,'2022-06-26 21:06:25','20110112','2022-06-26 21:06:25',1,1,'','陈语涵20110112',42,5,''),(1335,'岳彬彬',3,10,'520326201012200185',2,'2022-06-26 21:06:25','20101220','2022-06-26 21:06:25',1,1,'','岳彬彬20101220',42,5,''),(1336,'陈欣悦',3,10,'360203201108273522',2,'2022-06-26 21:06:25','20110827','2022-06-26 21:06:25',1,1,'','陈欣悦20110827',42,5,''),(1337,'付安微',3,10,'511304201107082442',2,'2022-06-26 21:06:25','20110708','2022-06-26 21:06:25',1,1,'','付安微20110708',42,5,''),(1338,'付安娜',3,10,'511304201107082426',2,'2022-06-26 21:06:25','20110708','2022-06-26 21:06:25',1,1,'','付安娜20110708',42,5,''),(1339,'杨久立',3,10,'520111201012240413',1,'2022-06-26 21:06:25','20101224','2022-06-26 21:06:25',1,1,'','杨久立20101224',42,5,''),(1340,'刘馨羽',3,10,'520111201009091824',2,'2022-06-26 21:06:25','20100909','2022-06-26 21:06:25',1,1,'','刘馨羽20100909',43,5,''),(1341,'秦万能',3,10,'520111201011171858',1,'2022-06-26 21:06:25','20101117','2022-06-26 21:06:25',1,1,'','秦万能20101117',43,5,''),(1342,'张桐畅',3,10,'520111201011231814',1,'2022-06-26 21:06:25','20101123','2022-06-26 21:06:25',1,1,'','张桐畅20101123',43,5,''),(1343,'熊天赐',3,10,'520111201103291814',1,'2022-06-26 21:06:25','20110329','2022-06-26 21:06:25',1,1,'','熊天赐20110329',43,5,''),(1344,'李安',3,10,'520111201103281819',1,'2022-06-26 21:06:25','20110328','2022-06-26 21:06:25',1,1,'','李安20110328',43,5,''),(1345,'刘梦婷',3,10,'520111201101101829',2,'2022-06-26 21:06:25','20110110','2022-06-26 21:06:25',1,1,'','刘梦婷20110110',43,5,''),(1346,'杨礼标',3,10,'520111201104211812',1,'2022-06-26 21:06:25','20110421','2022-06-26 21:06:25',1,1,'','杨礼标20110421',43,5,''),(1347,'王祥孟玉',3,10,'520111201105121827',2,'2022-06-26 21:06:25','20110512','2022-06-26 21:06:25',1,1,'','王祥孟玉20110512',43,5,''),(1348,'吴佩珂',3,10,'520111201011141827',2,'2022-06-26 21:06:25','20101114','2022-06-26 21:06:25',1,1,'','吴佩珂20101114',43,5,''),(1349,'吴佳怡',3,10,'52011120110216184X',2,'2022-06-26 21:06:25','20110216','2022-06-26 21:06:25',1,1,'','吴佳怡20110216',43,5,''),(1350,'王家豪',3,11,'520111201005311818',1,'2022-06-26 21:06:25','20100531','2022-06-26 21:06:25',1,1,'','王家豪20100531',43,5,''),(1351,'陈李平',3,10,'520111201011051813',1,'2022-06-26 21:06:25','20101105','2022-06-26 21:06:25',1,1,'','陈李平20101105',43,5,''),(1352,'张子豪',3,10,'520111201009211814',1,'2022-06-26 21:06:25','20100921','2022-06-26 21:06:25',1,1,'','张子豪20100921',43,5,''),(1353,'黄贵智',3,10,'520111201106131816',1,'2022-06-26 21:06:25','20110613','2022-06-26 21:06:25',1,1,'','黄贵智20110613',43,5,''),(1354,'王腾毅',3,11,'520111201006181816',1,'2022-06-26 21:06:25','20100618','2022-06-26 21:06:25',1,1,'','王腾毅20100618',43,5,''),(1355,'王池鹭',3,10,'520111201010221825',2,'2022-06-26 21:06:25','20101022','2022-06-26 21:06:25',1,1,'','王池鹭20101022',43,5,''),(1356,'陈耀圆',3,10,'520111201107121820',2,'2022-06-26 21:06:25','20110712','2022-06-26 21:06:25',1,1,'','陈耀圆20110712',43,5,''),(1357,'钱仕幸',3,10,'520111201010041816',1,'2022-06-26 21:06:25','20101004','2022-06-26 21:06:25',1,1,'','钱仕幸20101004',43,5,''),(1358,'班仁怡',3,10,'520111201010121824',2,'2022-06-26 21:06:25','20101012','2022-06-26 21:06:25',1,1,'','班仁怡20101012',43,5,''),(1359,'杨李俊宇',3,10,'520111201103041815',1,'2022-06-26 21:06:25','20110304','2022-06-26 21:06:25',1,1,'','杨李俊宇20110304',43,5,''),(1360,'钱朝阳',3,10,'520111201104111811',1,'2022-06-26 21:06:25','20110411','2022-06-26 21:06:25',1,1,'','钱朝阳20110411',43,5,''),(1361,'孙非越',3,10,'520111201102061814',1,'2022-06-26 21:06:25','20110206','2022-06-26 21:06:25',1,1,'','孙非越20110206',43,5,''),(1362,'刘或达',3,10,'520111201108261833',1,'2022-06-26 21:06:25','20110826','2022-06-26 21:06:25',1,1,'','刘或达20110826',43,5,''),(1363,'周兰凤',3,10,'520111201009151823',2,'2022-06-26 21:06:25','20100915','2022-06-26 21:06:25',1,1,'','周兰凤20100915',43,5,''),(1364,'王庭凯',3,10,'520111201101171819',1,'2022-06-26 21:06:25','20110117','2022-06-26 21:06:25',1,1,'','王庭凯20110117',43,5,''),(1365,'王玉祥',3,10,'52011120100922181X',1,'2022-06-26 21:06:25','20100922','2022-06-26 21:06:25',1,1,'','王玉祥20100922',43,5,''),(1366,'唐金英',3,10,'520111201102161823',2,'2022-06-26 21:06:25','20110216','2022-06-26 21:06:25',1,1,'','唐金英20110216',43,5,''),(1367,'王章芙',3,10,'520111201009181846',2,'2022-06-26 21:06:25','20100918','2022-06-26 21:06:25',1,1,'','王章芙20100918',43,5,''),(1368,'王玉敏',3,10,'520111201107121847',1,'2022-06-26 21:06:25','20110712','2022-06-26 21:06:25',1,1,'','王玉敏20110712',43,5,''),(1369,'刘家淋',3,10,'520111201108091846',2,'2022-06-26 21:06:25','20110809','2022-06-26 21:06:25',1,1,'','刘家淋20110809',43,5,''),(1370,'刘继炜',3,10,'520102201107156218',1,'2022-06-26 21:06:25','20110715','2022-06-26 21:06:25',1,1,'','刘继炜20110715',43,5,''),(1371,'郭安娜',3,10,'520102201108294065',2,'2022-06-26 21:06:25','20110829','2022-06-26 21:06:25',1,1,'','郭安娜20110829',43,5,''),(1372,'郭安妮',3,10,'520102201108294081',2,'2022-06-26 21:06:25','20110829','2022-06-26 21:06:25',1,1,'','郭安妮20110829',43,5,''),(1373,'焦永星',3,10,'520330201104018609',2,'2022-06-26 21:06:25','20110401','2022-06-26 21:06:25',1,1,'','焦永星20110401',43,5,''),(1374,'胡登睿',3,10,'522424201106260079',1,'2022-06-26 21:06:25','20110626','2022-06-26 21:06:25',1,1,'','胡登睿20110626',43,5,''),(1375,'李国豪',3,10,'522422201009070019',1,'2022-06-26 21:06:25','20100907','2022-06-26 21:06:25',1,1,'','李国豪20100907',43,5,''),(1376,'胡博艺',3,10,'500118201101124001',2,'2022-06-26 21:06:25','20110112','2022-06-26 21:06:25',1,1,'','胡博艺20110112',43,5,''),(1377,'周佳美',3,10,'431321201107040265',2,'2022-06-26 21:06:25','20110704','2022-06-26 21:06:25',1,1,'','周佳美20110704',43,5,''),(1378,'余晋亿',3,10,'530624201104111716',1,'2022-06-26 21:06:25','20110411','2022-06-26 21:06:25',1,1,'','余晋亿20110411',43,5,''),(1379,'吴光鑫',3,10,'520111201010151839',1,'2022-06-26 21:06:25','20101015','2022-06-26 21:06:25',1,1,'','吴光鑫20101015',43,5,''),(1380,'谢佩珊',3,10,'43132120101105016X',2,'2022-06-26 21:06:25','20101105','2022-06-26 21:06:25',1,1,'','谢佩珊20101105',43,5,''),(1381,'杜闻曦',3,10,'522422201010057495',1,'2022-06-26 21:06:25','20101005','2022-06-26 21:06:25',1,1,'','杜闻曦20101005',43,5,''),(1382,'曾婷婷',3,10,'431321201108110544',2,'2022-06-26 21:06:25','20110811','2022-06-26 21:06:25',1,1,'','曾婷婷20110811',43,5,''),(1383,'冯沛康鑫',3,10,'520330201105203910',1,'2022-06-26 21:06:25','20110520','2022-06-26 21:06:25',1,1,'','冯沛康鑫20110520',43,5,''),(1384,'葛富韩',3,11,'52240120100801657X',1,'2022-06-26 21:06:25','20100801','2022-06-26 21:06:25',1,1,'','葛富韩20100801',43,5,''),(1385,'曹娅琪',3,10,'522730201106290044',2,'2022-06-26 21:06:25','20110629','2022-06-26 21:06:25',1,1,'','曹娅琪20110629',44,5,''),(1386,'周经瑶',3,10,'520111201011041826',2,'2022-06-26 21:06:25','20101104','2022-06-26 21:06:25',1,1,'','周经瑶20101104',44,5,''),(1387,'段可欣',3,10,'520111201105031848',2,'2022-06-26 21:06:25','20110503','2022-06-26 21:06:25',1,1,'','段可欣20110503',44,5,''),(1388,'范涵宇',3,10,'520111201012281813',1,'2022-06-26 21:06:25','20101228','2022-06-26 21:06:25',1,1,'','范涵宇20101228',44,5,''),(1389,'陶国明',3,10,'520111201009081810',1,'2022-06-26 21:06:25','20100908','2022-06-26 21:06:25',1,1,'','陶国明20100908',44,5,''),(1390,'吴椒',3,11,'520111201004151824',2,'2022-06-26 21:06:25','20100415','2022-06-26 21:06:25',1,1,'','吴椒20100415',44,5,''),(1391,'刘启会',3,10,'520111201009281820',2,'2022-06-26 21:06:25','20100928','2022-06-26 21:06:25',1,1,'','刘启会20100928',44,5,''),(1392,'帅治豪',3,10,'520111201104221818',1,'2022-06-26 21:06:25','20110422','2022-06-26 21:06:25',1,1,'','帅治豪20110422',44,5,''),(1393,'刘家鑫',3,10,'520111201011041818',1,'2022-06-26 21:06:25','20101104','2022-06-26 21:06:25',1,1,'','刘家鑫20101104',44,5,''),(1394,'黄尹旺',3,10,'52011120100930181X',1,'2022-06-26 21:06:25','20100930','2022-06-26 21:06:25',1,1,'','黄尹旺20100930',44,5,''),(1395,'田孟柔',3,10,'520111201010071820',2,'2022-06-26 21:06:25','20101007','2022-06-26 21:06:25',1,1,'','田孟柔20101007',44,5,''),(1396,'黄雪 ',3,10,'520111201106111823',2,'2022-06-26 21:06:25','20110611','2022-06-26 21:06:25',1,1,'','黄雪 20110611',44,5,''),(1397,'罗正琦',3,10,'520111201102101847',2,'2022-06-26 21:06:25','20110210','2022-06-26 21:06:25',1,1,'','罗正琦20110210',44,5,''),(1398,'陈艺鑫',3,10,'520111201107281816',1,'2022-06-26 21:06:25','20110728','2022-06-26 21:06:25',1,1,'','陈艺鑫20110728',44,5,''),(1399,'王金琪',3,10,'520111201010151812',1,'2022-06-26 21:06:25','20101015','2022-06-26 21:06:25',1,1,'','王金琪20101015',44,5,''),(1400,'王寅海',3,10,'520111201011281811',1,'2022-06-26 21:06:25','20101128','2022-06-26 21:06:25',1,1,'','王寅海20101128',44,5,''),(1401,'陈天主 ',3,10,'520111201103051810',1,'2022-06-26 21:06:25','20110305','2022-06-26 21:06:25',1,1,'','陈天主 20110305',44,5,''),(1402,'陈天梦',3,10,'520111201106131824',2,'2022-06-26 21:06:25','20110613','2022-06-26 21:06:25',1,1,'','陈天梦20110613',44,5,''),(1403,'陈欣妍',3,10,'520111201103221824',2,'2022-06-26 21:06:26','20110322','2022-06-26 21:06:26',1,1,'','陈欣妍20110322',44,5,''),(1404,'班明燕',3,10,'520111201108031827',2,'2022-06-26 21:06:26','20110803','2022-06-26 21:06:26',1,1,'','班明燕20110803',44,5,''),(1405,'班寅博',3,10,'520111201101111816',1,'2022-06-26 21:06:26','20110111','2022-06-26 21:06:26',1,1,'','班寅博20110111',44,5,''),(1406,'班仪发',3,10,'520111201103041831',1,'2022-06-26 21:06:26','20110304','2022-06-26 21:06:26',1,1,'','班仪发20110304',44,5,''),(1407,'陈东民',3,10,'520111201009291818',1,'2022-06-26 21:06:26','20100929','2022-06-26 21:06:26',1,1,'','陈东民20100929',44,5,''),(1408,'唐开华',3,10,'520111201009071815',1,'2022-06-26 21:06:26','20100907','2022-06-26 21:06:26',1,1,'','唐开华20100907',44,5,''),(1409,'班仁鑫',3,10,'520111201108291821',2,'2022-06-26 21:06:26','20110829','2022-06-26 21:06:26',1,1,'','班仁鑫20110829',44,5,''),(1410,'唐忠浩译',3,10,'52011120110805181X',1,'2022-06-26 21:06:26','20110805','2022-06-26 21:06:26',1,1,'','唐忠浩译20110805',44,5,''),(1411,'杨子涵',3,10,'520111201011241828',2,'2022-06-26 21:06:26','20101124','2022-06-26 21:06:26',1,1,'','杨子涵20101124',44,5,''),(1412,'杨光凤',3,11,'520111201103181826',2,'2022-06-26 21:06:26','20100318','2022-06-26 21:06:26',1,1,'','杨光凤20110318',44,5,''),(1413,'金阳',3,10,'52011120100926182X',2,'2022-06-26 21:06:26','20100926','2022-06-26 21:06:26',1,1,'','金阳20100926',44,5,''),(1414,'王馨蕊',3,10,'520111201105031821',2,'2022-06-26 21:06:26','20110503','2022-06-26 21:06:26',1,1,'','王馨蕊20110503',44,5,''),(1415,'王祥颖',3,10,'520111201105291826',2,'2022-06-26 21:06:26','20110529','2022-06-26 21:06:26',1,1,'','王祥颖20110529',44,5,''),(1416,'王祥鸿',3,10,'520111201102141857',1,'2022-06-26 21:06:26','20110214','2022-06-26 21:06:26',1,1,'','王祥鸿20110214',44,5,''),(1417,'刘抒琪',3,10,'360830201012256025',2,'2022-06-26 21:06:26','20101225','2022-06-26 21:06:26',1,1,'','刘抒琪20101225',44,5,''),(1418,'周思洋',3,11,'520114201001311246',2,'2022-06-26 21:06:26','20100131','2022-06-26 21:06:26',1,1,'','周思洋20100131',44,5,''),(1419,'陈峻熙',3,10,'520114201102281218',1,'2022-06-26 21:06:26','20110228','2022-06-26 21:06:26',1,1,'','陈峻熙20110228',44,5,''),(1420,'王佳望',3,10,'520102201106094035',1,'2022-06-26 21:06:26','20110609','2022-06-26 21:06:26',1,1,'','王佳望20110609',44,5,''),(1421,'陈家园',3,10,'522425201106018174',1,'2022-06-26 21:06:26','20110601','2022-06-26 21:06:26',1,1,'','陈家园20110601',44,5,''),(1422,'邓冬雪',3,10,'520203201101060081',2,'2022-06-26 21:06:26','20110106','2022-06-26 21:06:26',1,1,'','邓冬雪20110106',44,5,''),(1423,'张鑫怡',3,10,'522730201009010020',2,'2022-06-26 21:06:26','20100901','2022-06-26 21:06:26',1,1,'','张鑫怡20100901',44,5,''),(1424,'董登鑫',3,10,'522730201104010037',1,'2022-06-26 21:06:26','20110401','2022-06-26 21:06:26',1,1,'','董登鑫20110401',44,5,''),(1425,'成敬楠',3,11,'522729201006090015',1,'2022-06-26 21:06:26','20100609','2022-06-26 21:06:26',1,1,'','成敬楠20100609',44,5,''),(1426,'覃家恩',3,10,'500227201108017526',2,'2022-06-26 21:06:26','20110817','2022-06-26 21:06:26',1,1,'','覃家恩20110801',44,5,''),(1427,'张博涛',3,10,'150123201011174537',1,'2022-06-26 21:06:26','20101117','2022-06-26 21:06:26',1,1,'','张博涛20101117',44,5,''),(1428,'邓灏轩',3,10,'431321201106300379',1,'2022-06-26 21:06:26','20110630','2022-06-26 21:06:26',1,1,'','邓灏轩20110630',44,5,''),(1429,'贾沁谛',3,10,'520327201101060213',1,'2022-06-26 21:06:26','20110106','2022-06-26 21:06:26',1,1,'','贾沁谛20110106',44,5,''),(1430,'杨璟涵',3,10,'520111201106281822',2,'2022-06-26 21:06:26','20110628','2022-06-26 21:06:26',1,1,'','杨璟涵20110628',45,5,''),(1431,'李时锐',3,10,'520111201106221811',1,'2022-06-26 21:06:26','20110622','2022-06-26 21:06:26',1,1,'','李时锐20110622',45,5,''),(1432,'杨政贵',3,10,'520111201105261838',1,'2022-06-26 21:06:26','20110526','2022-06-26 21:06:26',1,1,'','杨政贵20110526',45,5,''),(1433,'刘梦林',3,10,'520111201106081839',1,'2022-06-26 21:06:26','20110608','2022-06-26 21:06:26',1,1,'','刘梦林20110608',45,5,''),(1434,'王君蕊',3,10,'520111201101261822',2,'2022-06-26 21:06:26','20110126','2022-06-26 21:06:26',1,1,'','王君蕊20110126',45,5,''),(1435,'刘华意',3,10,'520111201009091816',1,'2022-06-26 21:06:26','20100909','2022-06-26 21:06:26',1,1,'','刘华意20100909',45,5,''),(1436,'吴永莉',3,10,'52011120110304184X',2,'2022-06-26 21:06:26','20110304','2022-06-26 21:06:26',1,1,'','吴永莉20110304',45,5,''),(1437,'王万顺',3,10,'520111201012141810',1,'2022-06-26 21:06:26','20101214','2022-06-26 21:06:26',1,1,'','王万顺20101214',45,5,''),(1438,'吴同宇',3,10,'520111201106271819',1,'2022-06-26 21:06:26','20110627','2022-06-26 21:06:26',1,1,'','吴同宇20110627',45,5,''),(1439,'刘浩宇',3,10,'520111201104121817',1,'2022-06-26 21:06:26','20110412','2022-06-26 21:06:26',1,1,'','刘浩宇20110412',45,5,''),(1440,'罗嘉诚',3,10,'520111201107261815',1,'2022-06-26 21:06:26','20110726','2022-06-26 21:06:26',1,1,'','罗嘉诚20110726',45,5,''),(1441,'帅学川',3,10,'520111201108311810',1,'2022-06-26 21:06:26','20110831','2022-06-26 21:06:26',1,1,'','帅学川20110831',45,5,''),(1442,'帅学静',3,10,'52011120110323182X',2,'2022-06-26 21:06:26','20110323','2022-06-26 21:06:26',1,1,'','帅学静20110323',45,5,''),(1443,'陈耀玉',3,10,'520111201010181819',1,'2022-06-26 21:06:26','20101018','2022-06-26 21:06:26',1,1,'','陈耀玉20101018',45,5,''),(1444,'石宗陈俊',3,10,'520111201105181811',1,'2022-06-26 21:06:26','20110518','2022-06-26 21:06:26',1,1,'','石宗陈俊20110518',45,5,''),(1445,'陈朝露',3,10,'520111201108081824',2,'2022-06-26 21:06:26','20110808','2022-06-26 21:06:26',1,1,'','陈朝露20110808',45,5,''),(1446,'周芸熙',3,10,'520111201105201827',2,'2022-06-26 21:06:26','20110520','2022-06-26 21:06:26',1,1,'','周芸熙20110520',45,5,''),(1447,'班明静',3,10,'520111201012191826',2,'2022-06-26 21:06:26','20101219','2022-06-26 21:06:26',1,1,'','班明静20101219',45,5,''),(1448,'钱亭利',3,10,'520111201102121813',1,'2022-06-26 21:06:26','20110212','2022-06-26 21:06:26',1,1,'','钱亭利20110212',45,5,''),(1449,'钱庭惠',3,10,'520111201011161828',2,'2022-06-26 21:06:26','20110622','2022-06-26 21:06:26',1,1,'','钱庭惠20101116',45,5,''),(1450,'刘馨雨',3,10,'520111201102041821',2,'2022-06-26 21:06:26','20110204','2022-06-26 21:06:26',1,1,'','刘馨雨20110204',45,5,''),(1451,'唐文进',3,10,'520111201107161830',1,'2022-06-26 21:06:26','20110716','2022-06-26 21:06:26',1,1,'','唐文进20110716',45,5,''),(1452,'王好',3,10,'520111201106211840',2,'2022-06-26 21:06:26','20110621','2022-06-26 21:06:26',1,1,'','王好20110621',45,5,''),(1453,'王玉哲',3,10,'520111201101021810',1,'2022-06-26 21:06:26','20110102','2022-06-26 21:06:26',1,1,'','王玉哲20110102',45,5,''),(1454,'王紫含',3,10,'520111201108051844',2,'2022-06-26 21:06:26','20110805','2022-06-26 21:06:26',1,1,'','王紫含20110805',45,5,''),(1455,'朱婷婷',3,10,'520111201107131826',2,'2022-06-26 21:06:26','20110713','2022-06-26 21:06:26',1,1,'','朱婷婷20110713',45,5,''),(1456,'王章鑫雨',3,10,'520111201105031864',2,'2022-06-26 21:06:26','20110503','2022-06-26 21:06:26',1,1,'','王章鑫雨20110503',45,5,''),(1457,'罗应斌',3,10,'52011120110807451X',1,'2022-06-26 21:06:26','20110807','2022-06-26 21:06:26',1,1,'','罗应斌20110807',45,5,''),(1458,'龙墁灵',3,10,'520111201105180421',2,'2022-06-26 21:06:26','20110518','2022-06-26 21:06:26',1,1,'','龙墁灵20110518',45,5,''),(1459,'李宛诺',3,10,'520102201108186427',2,'2022-06-26 21:06:26','20110818','2022-06-26 21:06:26',1,1,'','李宛诺20110818',45,5,''),(1460,'王庭瑞',3,10,'520102201010274613',1,'2022-06-26 21:06:26','20101027','2022-06-26 21:06:26',1,1,'','王庭瑞20101027',45,5,''),(1461,'袁浩宇',3,10,'522425201009097413',1,'2022-06-26 21:06:26','20100909','2022-06-26 21:06:26',1,1,'','袁浩宇20100909',45,5,''),(1462,'范首成',3,10,'520321201107100257',1,'2022-06-26 21:06:26','20110710','2022-06-26 21:06:26',1,1,'','范首成20110710',45,5,''),(1463,'张玉凤',3,10,'520321201010010183',2,'2022-06-26 21:06:26','20101001','2022-06-26 21:06:26',1,1,'','张玉凤20101001',45,5,''),(1464,'张金龙',3,10,'520321201010010175',1,'2022-06-26 21:06:26','20101001','2022-06-26 21:06:26',1,1,'','张金龙20101001',45,5,''),(1465,'赵春红',3,10,'522630201103120087',2,'2022-06-26 21:06:26','20110312','2022-06-26 21:06:26',1,1,'','赵春红20110312',45,5,''),(1466,'田保家',3,10,'522227201009020039',1,'2022-06-26 21:06:26','20100902','2022-06-26 21:06:26',1,1,'','田保家20100902',45,5,''),(1467,'王国亮',3,10,'52222820110101317X',1,'2022-06-26 21:06:26','20110101','2022-06-26 21:06:26',1,1,'','王国亮20110101',45,5,''),(1468,'赵书城',3,11,'522425201006098226',2,'2022-06-26 21:06:26','20100609','2022-06-26 21:06:26',1,1,'','赵书城20100609',45,5,''),(1469,'刘东睿',3,10,'522730201009210014',1,'2022-06-26 21:06:26','20100921','2022-06-26 21:06:26',1,1,'','刘东睿20100921',45,5,''),(1470,'柯昊天',3,10,'522401201108030192',1,'2022-06-26 21:06:26','20110803','2022-06-26 21:06:26',1,1,'','柯昊天20110803',45,5,''),(1471,'刘锦梁',3,10,'430281201108230132',1,'2022-06-26 21:06:26','20110823','2022-06-26 21:06:26',1,1,'','刘锦梁20110823',45,5,''),(1472,'门永康',3,10,'411324201103231959',1,'2022-06-26 21:06:26','20110323','2022-06-26 21:06:26',1,1,'','门永康20110323',45,5,''),(1473,'李卓航',3,10,'522422201012286275',1,'2022-06-26 21:06:26','20101228','2022-06-26 21:06:26',1,1,'','李卓航20101228',45,5,''),(1474,'张梦婷',3,10,'522422201102206726',2,'2022-06-26 21:06:26','20110220','2022-06-26 21:06:26',1,1,'','张梦婷20110220',45,5,''),(1475,'张壹一',3,10,'520111201101111824',2,'2022-06-26 21:06:26','20110111','2022-06-26 21:06:26',1,1,'','张壹一20110111',46,5,''),(1476,'杨朋硕',3,10,'520111201106071817',1,'2022-06-26 21:06:26','20110607','2022-06-26 21:06:26',1,1,'','杨朋硕20110607',46,5,''),(1477,'何军',3,10,'52011120100906181X',1,'2022-06-26 21:06:26','20100906','2022-06-26 21:06:26',1,1,'','何军20100906',46,5,''),(1478,'王雪阳',3,10,'520111201101151834',1,'2022-06-26 21:06:26','20110115','2022-06-26 21:06:26',1,1,'','王雪阳20110115',46,5,''),(1479,'班光鑫',3,10,'520111201012151816',1,'2022-06-26 21:06:26','20101215','2022-06-26 21:06:26',1,1,'','班光鑫20101215',46,5,''),(1480,'陈家俊',3,10,'520111201107051818',1,'2022-06-26 21:06:26','20110705','2022-06-26 21:06:26',1,1,'','陈家俊20110705',46,5,''),(1481,'杨健康',3,10,'520111201010031810',1,'2022-06-26 21:06:26','20101003','2022-06-26 21:06:26',1,1,'','杨健康20101003',46,5,''),(1482,'班鑫焕',3,10,'520111201009171816',1,'2022-06-26 21:06:26','20100917','2022-06-26 21:06:26',1,1,'','班鑫焕20100917',46,5,''),(1483,'李华秀',3,10,'520111201004131823',2,'2022-06-26 21:06:26','20110413','2022-06-26 21:06:26',1,1,'','李华秀20100413',46,5,''),(1484,'陈启林',3,10,'520111201103231811',1,'2022-06-26 21:06:26','20110323','2022-06-26 21:06:26',1,1,'','陈启林20110323',46,5,''),(1485,'李化晨',3,10,'520111201010024215',1,'2022-06-26 21:06:26','20101002','2022-06-26 21:06:26',1,1,'','李化晨20101002',46,5,''),(1486,'段灵慧',3,10,'520111201012101827',2,'2022-06-26 21:06:26','20101210','2022-06-26 21:06:26',1,1,'','段灵慧20101210',46,5,''),(1487,'刘毅豪',3,10,'52012120100916001X',1,'2022-06-26 21:06:26','20100916','2022-06-26 21:06:26',1,1,'','刘毅豪20100916',46,5,''),(1488,'赵嘉佑',3,10,'520330201105228771',1,'2022-06-26 21:06:26','20110522','2022-06-26 21:06:26',1,1,'','赵嘉佑20110522',46,5,''),(1489,'付兰雨',3,10,'522422201101066880',2,'2022-06-26 21:06:26','20110106','2022-06-26 21:06:26',1,1,'','付兰雨20110106',46,5,''),(1490,'陈浩铭',3,10,'522730201101160013',1,'2022-06-26 21:06:26','20110116','2022-06-26 21:06:26',1,1,'','陈浩铭20110116',46,5,''),(1491,'任福晨',3,10,'522730201104270058',1,'2022-06-26 21:06:26','20110427','2022-06-26 21:06:26',1,1,'','任福晨20110427',46,5,''),(1492,'何雅璐',3,11,'522730201007290022',2,'2022-06-26 21:06:26','20100729','2022-06-26 21:06:26',1,1,'','何雅璐20100729',46,5,''),(1493,'王豪',3,10,'52242520110807003X',1,'2022-06-26 21:06:26','20110807','2022-06-26 21:06:26',1,1,'','王豪20110807',46,5,''),(1494,'蔡文晏斌',3,10,'520111201101021837',1,'2022-06-26 21:06:26','20110102','2022-06-26 21:06:26',1,1,'','蔡文晏斌20110102',46,5,''),(1495,'李舟婷',3,10,'522702201101170128',2,'2022-06-26 21:06:26','20110117','2022-06-26 21:06:26',1,1,'','李舟婷20110117',46,5,''),(1496,'潘美烨',3,10,'522622201103290123',2,'2022-06-26 21:06:26','20110329','2022-06-26 21:06:26',1,1,'','潘美烨20110329',46,5,''),(1497,'杨雅楠',3,10,'522422201102192029',2,'2022-06-26 21:06:26','20110219','2022-06-26 21:06:26',1,1,'','杨雅楠20110219',46,5,''),(1498,'陈阳阳',3,10,'522422201009260058',1,'2022-06-26 21:06:26','20100926','2022-06-26 21:06:26',1,1,'','陈阳阳20100926',46,5,''),(1499,'李雪',3,10,'520323201103157048',2,'2022-06-26 21:06:26','20110315','2022-06-26 21:06:26',1,1,'','李雪20110315',46,5,''),(1500,'张友',3,10,'522730201011200077',1,'2022-06-26 21:06:26','20101120','2022-06-26 21:06:26',1,1,'','张友20101120',46,5,''),(1501,'刘晓雨',3,10,'522730201102191524',2,'2022-06-26 21:06:26','20110219','2022-06-26 21:06:26',1,1,'','刘晓雨20110219',46,5,''),(1502,'龙颖佳',3,11,'522229201008010085',2,'2022-06-26 21:06:26','20100801','2022-06-26 21:06:26',1,1,'','龙颖佳20100801',46,5,''),(1503,'李庭波',3,10,'520181201102131738',1,'2022-06-26 21:06:26','20110213','2022-06-26 21:06:26',1,1,'','李庭波20110213',46,5,''),(1504,'邓诗颖',3,10,'500223201010293041',2,'2022-06-26 21:06:26','20101029','2022-06-26 21:06:26',1,1,'','邓诗颖20101029',46,5,''),(1505,'赵振轩',3,11,'420321201008200056',1,'2022-06-26 21:06:26','20100820','2022-06-26 21:06:26',1,1,'','赵振轩20100820',46,5,''),(1506,'胡耀哲',3,10,'421023201104113435',1,'2022-06-26 21:06:26','20110411','2022-06-26 21:06:26',1,1,'','胡耀哲20110411',46,5,''),(1507,'吴余泓俊',3,10,'520111201009220155',1,'2022-06-26 21:06:26','20100922','2022-06-26 21:06:26',1,1,'','吴余泓俊20100922',46,5,''),(1508,'靳钱怡',3,10,'411025201009240234',1,'2022-06-26 21:06:26','20100924','2022-06-26 21:06:26',1,1,'','靳钱怡20100924',46,5,''),(1509,'周加瑞',3,10,'532331201103142421',2,'2022-06-26 21:06:26','20110314','2022-06-26 21:06:26',1,1,'','周加瑞20110314',46,5,''),(1510,'张心妍',3,10,'360921201012131520',2,'2022-06-26 21:06:26','20101213','2022-06-26 21:06:26',1,1,'','张心妍20101213',46,5,''),(1511,'谢江勇',3,11,'341221201001256597',1,'2022-06-26 21:06:26','20100125','2022-06-26 21:06:26',1,1,'','谢江勇20100125',46,5,''),(1512,'何莉华',3,10,'441723201010263784',2,'2022-06-26 21:06:26','20101026','2022-06-26 21:06:26',1,1,'','何莉华20101026',46,5,''),(1513,'蔡霜霜',3,10,'3302812011072700C6',2,'2022-06-26 21:06:27','20110727','2022-06-26 21:06:27',1,1,'','蔡霜霜20110727',46,5,''),(1514,'黄富帅',3,10,'520111201009261811',1,'2022-06-26 21:06:27','20100924','2022-06-26 21:06:27',1,1,'','黄富帅20100926',46,5,''),(1515,'王若涵',3,11,'411481201001160726',2,'2022-06-26 21:06:27','20100116','2022-06-26 21:06:27',1,1,'','王若涵20100116',46,5,''),(1516,'冷慧美',3,11,'520327200911060069',2,'2022-06-26 21:06:27','20091106','2022-06-26 21:06:27',1,1,'','冷慧美20091106',46,5,''),(1517,'冷慧妮',3,11,'520327200911060085',2,'2022-06-26 21:06:27','20091106','2022-06-26 21:06:27',1,1,'','冷慧妮20091106',46,5,''),(1518,'王浩霖',3,12,'52011120090824181X',1,'2022-06-26 21:06:27','20090824','2022-06-26 21:06:27',1,1,'','王浩霖20090824',51,6,''),(1519,'高德俊',3,11,'520111201001231810',1,'2022-06-26 21:06:27','20100123','2022-06-26 21:06:27',1,1,'','高德俊20100123',51,6,''),(1520,'杨美琪',3,11,'520111201003081828',2,'2022-06-26 21:06:27','20100308','2022-06-26 21:06:27',1,1,'','杨美琪20100308',51,6,''),(1521,'帅诗琳',3,11,'520111201003031820',2,'2022-06-26 21:06:27','20100303','2022-06-26 21:06:27',1,1,'','帅诗琳20100303',51,6,''),(1522,'杨帮正杰',3,11,'520111201002251813',1,'2022-06-26 21:06:27','20100225','2022-06-26 21:06:27',1,1,'','杨帮正杰20100225',51,6,''),(1523,'莫开媛',3,11,'520111200912291828',2,'2022-06-26 21:06:27','20091229','2022-06-26 21:06:27',1,1,'','莫开媛20091229',51,6,''),(1524,'王金洋',3,12,'520111200907071812',1,'2022-06-26 21:06:27','20090707','2022-06-26 21:06:27',1,1,'','王金洋20090707',51,6,''),(1525,'杨建建',3,11,'520111200910021816',1,'2022-06-26 21:06:27','20091002','2022-06-26 21:06:27',1,1,'','杨建建20091002',51,6,''),(1526,'赵锦玥',3,11,'520111201005061820',2,'2022-06-26 21:06:27','20100506','2022-06-26 21:06:27',1,1,'','赵锦玥20100506',51,6,''),(1527,'陈鑫',3,11,'520111201001071837',1,'2022-06-26 21:06:27','20100107','2022-06-26 21:06:27',1,1,'','陈鑫20100107',51,6,''),(1528,'谭莉晖',3,11,'520111200909291819',1,'2022-06-26 21:06:27','20090929','2022-06-26 21:06:27',1,1,'','谭莉晖20090929',51,6,''),(1529,'王万富',3,11,'520111200911251816',1,'2022-06-26 21:06:27','20091125','2022-06-26 21:06:27',1,1,'','王万富20091125',51,6,''),(1530,'吴永浩',3,11,'520111201001251811',1,'2022-06-26 21:06:27','20100125','2022-06-26 21:06:27',1,1,'','吴永浩20100125',51,6,''),(1531,'王朝俊',3,11,'520111201003281811',1,'2022-06-26 21:06:27','20100328','2022-06-26 21:06:27',1,1,'','王朝俊20100328',51,6,''),(1532,'罗昌俊',3,12,'520111200908281811',1,'2022-06-26 21:06:27','20090828','2022-06-26 21:06:27',1,1,'','罗昌俊20090828',51,6,''),(1533,'平洪玮',3,11,'520111201008131812',1,'2022-06-26 21:06:27','20100813','2022-06-26 21:06:27',1,1,'','平洪玮20100813',51,6,''),(1534,'陈锦优',3,11,'520111200912081820',2,'2022-06-26 21:06:27','20091208','2022-06-26 21:06:27',1,1,'','陈锦优20091208',51,6,''),(1535,'罗庚峣',3,11,'520111201004251833',1,'2022-06-26 21:06:27','20100425','2022-06-26 21:06:27',1,1,'','罗庚峣20100425',51,6,''),(1536,'向婷婷',3,11,'520111201001071829',2,'2022-06-26 21:06:27','20100107','2022-06-26 21:06:27',1,1,'','向婷婷20100107',51,6,''),(1537,'陈跃怡',3,11,'520111201006121821',2,'2022-06-26 21:06:27','20100612','2022-06-26 21:06:27',1,1,'','陈跃怡20100612',51,6,''),(1538,'陈家乐',3,11,'520111201002191814',1,'2022-06-26 21:06:27','20100219','2022-06-26 21:06:27',1,1,'','陈家乐20100219',51,6,''),(1539,'陈昌隆',3,11,'520111200912051816',1,'2022-06-26 21:06:27','20091205','2022-06-26 21:06:27',1,1,'','陈昌隆20091205',51,6,''),(1540,'陈朝颖',3,11,'520111201004061829',2,'2022-06-26 21:06:27','20100406','2022-06-26 21:06:27',1,1,'','陈朝颖20100406',51,6,''),(1541,'蒲欣钰',3,11,'520111201002121824',2,'2022-06-26 21:06:27','20100212','2022-06-26 21:06:27',1,1,'','蒲欣钰20100212',51,6,''),(1542,'班天墙',3,11,'520111201008150036',1,'2022-06-26 21:06:27','20100815','2022-06-26 21:06:27',1,1,'','班天墙20100815',51,6,''),(1543,'班仪琳',3,11,'520111200910101840',2,'2022-06-26 21:06:27','20091010','2022-06-26 21:06:27',1,1,'','班仪琳20091010',51,6,''),(1544,'张皓天',3,11,'520111201005251819',1,'2022-06-26 21:06:27','20100525','2022-06-26 21:06:27',1,1,'','张皓天20100525',51,6,''),(1545,'田倩瑜',3,11,'520111201007141824',2,'2022-06-26 21:06:27','20100714','2022-06-26 21:06:27',1,1,'','田倩瑜20100714',51,6,''),(1546,'王章至杰',3,11,'52011120100607181X',1,'2022-06-26 21:06:27','20100607','2022-06-26 21:06:27',1,1,'','王章至杰20100607',51,6,''),(1547,'李兴富',3,11,'520111201002261835',1,'2022-06-26 21:06:27','20100226','2022-06-26 21:06:27',1,1,'','李兴富20100226',51,6,''),(1548,'王树润',3,11,'520111201004241811',1,'2022-06-26 21:06:27','20100424','2022-06-26 21:06:27',1,1,'','王树润20100424',51,6,''),(1549,'王胜杰',3,12,'520111200907141817',1,'2022-06-26 21:06:27','20090714','2022-06-26 21:06:27',1,1,'','王胜杰20090714',51,6,''),(1550,'杨艺',3,11,'520111200909091825',2,'2022-06-26 21:06:27','20090909','2022-06-26 21:06:27',1,1,'','杨艺20090909',51,6,''),(1551,'王娟',3,11,'520111200909221829',2,'2022-06-26 21:06:27','20090922','2022-06-26 21:06:27',1,1,'','王娟20090922',51,6,''),(1552,'刘思韵',3,11,'520111201002141825',2,'2022-06-26 21:06:27','20100214','2022-06-26 21:06:27',1,1,'','刘思韵20100214',51,6,''),(1553,'姚超瑞',3,11,'520111200910011845',2,'2022-06-26 21:06:27','20091001','2022-06-26 21:06:27',1,1,'','姚超瑞20091001',51,6,''),(1554,'王章浩',3,11,'52011120100507041X',1,'2022-06-26 21:06:27','20100507','2022-06-26 21:06:27',1,1,'','王章浩20100507',51,6,''),(1555,'张雯雯',3,11,'520114200909131224',2,'2022-06-26 21:06:27','20090913','2022-06-26 21:06:27',1,1,'','张雯雯20090913',51,6,''),(1556,'郑泽林',3,11,'520322200912120076',1,'2022-06-26 21:06:27','20091212','2022-06-26 21:06:27',1,1,'','郑泽林20091212',51,6,''),(1557,'刘定霖',3,12,'520114200908160816',1,'2022-06-26 21:06:27','20090816','2022-06-26 21:06:27',1,1,'','刘定霖20090816',51,6,''),(1558,'王文俊',3,11,'520114201001171212',1,'2022-06-26 21:06:27','20100117','2022-06-26 21:06:27',1,1,'','王文俊20100117',51,6,''),(1559,'张秀慧',3,11,'522424200912170022',2,'2022-06-26 21:06:27','20091217','2022-06-26 21:06:27',1,1,'','张秀慧20091217',51,6,''),(1560,'邓雅鑫',3,11,'522427201007177092',1,'2022-06-26 21:06:27','20100717','2022-06-26 21:06:27',1,1,'','邓雅鑫20100717',51,6,''),(1561,'谢璇',3,11,'370784201004173567',2,'2022-06-26 21:06:27','20100417','2022-06-26 21:06:27',1,1,'','谢璇20100417',51,6,''),(1562,'吕嘉怡',3,11,'520111201005311826',2,'2022-06-26 21:06:27','20100531','2022-06-26 21:06:27',1,1,'','吕嘉怡20100531',51,6,''),(1563,'杨鉴',3,11,'522422200912190418',1,'2022-06-26 21:06:27','20091219','2022-06-26 21:06:27',1,1,'','杨鉴20091219',51,6,''),(1564,'刘庆',3,11,'43052120091001079X',1,'2022-06-26 21:06:27','20091001','2022-06-26 21:06:27',1,1,'','刘庆20091001',51,6,''),(1565,'罗刘诗洋',3,11,'520111201006031842',2,'2022-06-26 21:06:27','20100603','2022-06-26 21:06:27',1,1,'','罗刘诗洋20100603',52,6,''),(1566,'余俊阳',3,11,'520111201008141818',1,'2022-06-26 21:06:27','20100814','2022-06-26 21:06:27',1,1,'','余俊阳20100814',52,6,''),(1567,'王臻',3,11,'520111201008201825',2,'2022-06-26 21:06:27','20100820','2022-06-26 21:06:27',1,1,'','王臻20100820',52,6,''),(1568,'周仁敏',3,11,'520111201003041826',2,'2022-06-26 21:06:27','20100304','2022-06-26 21:06:27',1,1,'','周仁敏20100304',52,6,''),(1569,'朱树杰',3,12,'520111200907041832',1,'2022-06-26 21:06:27','20090704','2022-06-26 21:06:27',1,1,'','朱树杰20090704',52,6,''),(1570,'杨俊杰',3,11,'520111201007171812',1,'2022-06-26 21:06:27','20100717','2022-06-26 21:06:27',1,1,'','杨俊杰20100717',52,6,''),(1571,'杨生源',3,11,'520111201003151814',1,'2022-06-26 21:06:29','20100315','2022-06-26 21:06:29',1,1,'','杨生源20100315',52,6,''),(1572,'李洪宇',3,11,'520111200912011857',1,'2022-06-26 21:06:29','20091201','2022-06-26 21:06:29',1,1,'','李洪宇20091201',52,6,''),(1573,'杨弘毅',3,11,'520111200911041835',1,'2022-06-26 21:06:29','20091217','2022-06-26 21:06:29',1,1,'','杨弘毅20091104',52,6,''),(1574,'李远昊',3,11,'520111200912171818',1,'2022-06-26 21:06:29','20091217','2022-06-26 21:06:29',1,1,'','李远昊20091217',52,6,''),(1575,'陈美玲',3,11,'520111201007181826',2,'2022-06-26 21:06:29','20100718','2022-06-26 21:06:29',1,1,'','陈美玲20100718',52,6,''),(1576,'王万能',3,11,'520111200912061838',1,'2022-06-26 21:06:29','20091206','2022-06-26 21:06:29',1,1,'','王万能20091206',52,6,''),(1577,'曾家萍',3,11,'520111200911061828',2,'2022-06-26 21:06:29','20091106','2022-06-26 21:06:29',1,1,'','曾家萍20091106',52,6,''),(1578,'彭俊浩',3,11,'520111201008111811',1,'2022-06-26 21:06:29','20100811','2022-06-26 21:06:29',1,1,'','彭俊浩20100811',52,6,''),(1579,'王兴国',3,12,'520111200905271810',1,'2022-06-26 21:06:29','20090527','2022-06-26 21:06:29',1,1,'','王兴国20090527',52,6,''),(1580,'王家富',3,11,'52011120091210181X',1,'2022-06-26 21:06:29','20091210','2022-06-26 21:06:29',1,1,'','王家富20091210',52,6,''),(1581,'彭一航',3,11,'520111201006281817',1,'2022-06-26 21:06:29','20100628','2022-06-26 21:06:29',1,1,'','彭一航20100628',52,6,''),(1582,'梅玲玲',3,11,'520111201003021825',2,'2022-06-26 21:06:29','20100302','2022-06-26 21:06:29',1,1,'','梅玲玲20100302',52,6,''),(1583,'柏龙欢',3,11,'520111200909201828',2,'2022-06-26 21:06:29','20090920','2022-06-26 21:06:29',1,1,'','柏龙欢20090920',52,6,''),(1584,'罗晶晶',3,12,'520111200908161828',2,'2022-06-26 21:06:29','20090816','2022-06-26 21:06:29',1,1,'','罗晶晶20090816',52,6,''),(1585,'黄皓轩',3,11,'520111200912011814',1,'2022-06-26 21:06:29','20091201','2022-06-26 21:06:29',1,1,'','黄皓轩20091201',52,6,''),(1586,'陈昌健',3,11,'52011120100623181X',1,'2022-06-26 21:06:29','20100623','2022-06-26 21:06:29',1,1,'','陈昌健20100623',52,6,''),(1587,'陈昌毅',3,11,'520111201008251814',1,'2022-06-26 21:06:29','20100825','2022-06-26 21:06:29',1,1,'','陈昌毅20100825',52,6,''),(1588,'陈天豪',3,11,'520111200909101835',1,'2022-06-26 21:06:29','20090910','2022-06-26 21:06:29',1,1,'','陈天豪20090910',52,6,''),(1589,'刘启刚',3,11,'520111201003101817',1,'2022-06-26 21:06:29','20100310','2022-06-26 21:06:29',1,1,'','刘启刚20100310',52,6,''),(1590,'王子钒',3,12,'520111200902121817',1,'2022-06-26 21:06:29','20090212','2022-06-26 21:06:29',1,1,'','王子钒20090212',52,6,''),(1591,'班义佳',3,11,'520111200910251822',2,'2022-06-26 21:06:29','20091025','2022-06-26 21:06:29',1,1,'','班义佳20091025',52,6,''),(1592,'张雯婷',3,11,'520111201001141823',2,'2022-06-26 21:06:29','20100114','2022-06-26 21:06:29',1,1,'','张雯婷20100114',52,6,''),(1593,'杨应鸿',3,11,'520111200911221836',1,'2022-06-26 21:06:29','20091122','2022-06-26 21:06:29',1,1,'','杨应鸿20091122',52,6,''),(1594,'袁熊智',3,11,'520111201005261814',1,'2022-06-26 21:06:29','20100526','2022-06-26 21:06:29',1,1,'','袁熊智20100526',52,6,''),(1595,'唐龙宇',3,12,'520111200908031812',1,'2022-06-26 21:06:29','20090803','2022-06-26 21:06:29',1,1,'','唐龙宇20090803',52,6,''),(1596,'唐宇萱',3,11,'520111200910211847',2,'2022-06-26 21:06:29','20091021','2022-06-26 21:06:29',1,1,'','唐宇萱20091021',52,6,''),(1597,'陈道尧',3,11,'520111200910141818',1,'2022-06-26 21:06:29','20091014','2022-06-26 21:06:29',1,1,'','陈道尧20091014',52,6,''),(1598,'王玉秀',3,11,'520111201006101820',2,'2022-06-26 21:06:29','20100610','2022-06-26 21:06:29',1,1,'','王玉秀20100610',52,6,''),(1599,'王垠宁',3,11,'52011120100519181X',1,'2022-06-26 21:06:29','20100519','2022-06-26 21:06:29',1,1,'','王垠宁20100519',52,6,''),(1600,'祝一又',3,11,'520111201007221824',2,'2022-06-26 21:06:29','20100722','2022-06-26 21:06:29',1,1,'','祝一又20100722',52,6,''),(1601,'杨平',3,12,'520111200906104221',2,'2022-06-26 21:06:29','20090610','2022-06-26 21:06:29',1,1,'','杨平20090610',52,6,''),(1602,'刘李徵羽',3,11,'520111200912240449',2,'2022-06-26 21:06:29','20091224','2022-06-26 21:06:29',1,1,'','刘李徵羽20091224',52,6,''),(1603,'陈紫君',3,11,'520111201008282725',2,'2022-06-26 21:06:29','20100828','2022-06-26 21:06:29',1,1,'','陈紫君20100828',52,6,''),(1604,'李炎阳',3,11,'520111200910301818',1,'2022-06-26 21:06:29','20091030','2022-06-26 21:06:29',1,1,'','李炎阳20091030',52,6,''),(1605,'班仁博',3,11,'520102201005127811',1,'2022-06-26 21:06:29','20100512','2022-06-26 21:06:29',1,1,'','班仁博20100512',52,6,''),(1606,'徐偲瑜',3,12,'522423200902050063',2,'2022-06-26 21:06:29','20090205','2022-06-26 21:06:29',1,1,'','徐偲瑜20090205',52,6,''),(1607,'杨圣爽',3,11,'522424200909040067',2,'2022-06-26 21:06:29','20090904','2022-06-26 21:06:29',1,1,'','杨圣爽20090904',52,6,''),(1608,'陈儒钱',3,11,'522422201001252010',1,'2022-06-26 21:06:29','20100125','2022-06-26 21:06:29',1,1,'','陈儒钱20100125',52,6,''),(1609,'胡登宇',3,12,'522424200906250130',1,'2022-06-26 21:06:29','20090625','2022-06-26 21:06:29',1,1,'','胡登宇20090625',52,6,''),(1610,'刘思丰',3,11,'430281201008010482',2,'2022-06-26 21:06:29','20100801','2022-06-26 21:06:29',1,1,'','刘思丰20100801',52,6,''),(1611,'安筱瑞',3,11,'411324201004263058',1,'2022-06-26 21:06:29','20100426','2022-06-26 21:06:29',1,1,'','安筱瑞20100426',52,6,''),(1612,'文庆辉',3,11,'520111200910011810',1,'2022-06-26 21:06:29','20091001','2022-06-26 21:06:29',1,1,'','文庆辉20091001',52,6,''),(1613,'杨慧',3,11,'520111201004071824',2,'2022-06-26 21:06:29','20100407','2022-06-26 21:06:29',1,1,'','杨慧20100407',53,6,''),(1614,'刘人玮',3,11,'520111200910171814',1,'2022-06-26 21:06:29','20091017','2022-06-26 21:06:29',1,1,'','刘人玮20091017',53,6,''),(1615,'杨赢睿',3,11,'52011120100121181X',1,'2022-06-26 21:06:29','20100121','2022-06-26 21:06:29',1,1,'','杨赢睿20100121',53,6,''),(1616,'刘修泽',3,11,'520111201008271815',1,'2022-06-26 21:06:29','20100827','2022-06-26 21:06:29',1,1,'','刘修泽20100827',53,6,''),(1617,'刘修燕',3,11,'520111201006021820',2,'2022-06-26 21:06:29','20100602','2022-06-26 21:06:29',1,1,'','刘修燕20100602',53,6,''),(1618,'王家富',3,11,'520111201003171815',1,'2022-06-26 21:06:29','20100317','2022-06-26 21:06:29',1,1,'','王家富20100317',53,6,''),(1619,'吴万超',3,11,'520111201006051819',1,'2022-06-26 21:06:29','20100605','2022-06-26 21:06:29',1,1,'','吴万超20100605',53,6,''),(1620,'潘才英',3,11,'520111200910011829',2,'2022-06-26 21:06:29','20091001','2022-06-26 21:06:29',1,1,'','潘才英20091001',53,6,''),(1621,'周明悦',3,11,'520111201003221827',2,'2022-06-26 21:06:29','20100322','2022-06-26 21:06:29',1,1,'','周明悦20100322',53,6,''),(1622,'邓武麒',3,11,'520111201001201814',1,'2022-06-26 21:06:29','20100120','2022-06-26 21:06:29',1,1,'','邓武麒20100120',53,6,''),(1623,'王茜',3,11,'52011120100109182X',2,'2022-06-26 21:06:29','20100109','2022-06-26 21:06:29',1,1,'','王茜20100109',53,6,''),(1624,'汪洋',3,11,'520111201005011815',1,'2022-06-26 21:06:29','20100501','2022-06-26 21:06:29',1,1,'','汪洋20100501',53,6,''),(1625,'张璐瑶',3,11,'52011120100504182X',2,'2022-06-26 21:06:29','20100504','2022-06-26 21:06:29',1,1,'','张璐瑶20100504',53,6,''),(1626,'帅兴熔',3,11,'520111201008271823',1,'2022-06-26 21:06:29','20100827','2022-06-26 21:06:29',1,1,'','帅兴熔20100827',53,6,''),(1627,'王家禄',3,11,'520111201007171839',1,'2022-06-26 21:06:29','20100717','2022-06-26 21:06:29',1,1,'','王家禄20100717',53,6,''),(1628,'李家诚',3,11,'520111200912081812',1,'2022-06-26 21:06:29','20091208','2022-06-26 21:06:29',1,1,'','李家诚20091208',53,6,''),(1629,'王伦翔',3,11,'520111201002201816',1,'2022-06-26 21:06:29','20100220','2022-06-26 21:06:29',1,1,'','王伦翔20100220',53,6,''),(1630,'罗籽研',3,11,'511423201001076516',1,'2022-06-26 21:06:29','20100107','2022-06-26 21:06:29',1,1,'','罗籽研20100107',53,6,''),(1631,'陈天渠',3,11,'520111200911041819',1,'2022-06-26 21:06:29','20091104','2022-06-26 21:06:29',1,1,'','陈天渠20091104',53,6,''),(1632,'陈昌顺',3,11,'520111200910191815',1,'2022-06-26 21:06:29','20091019','2022-06-26 21:06:29',1,1,'','陈昌顺20091019',53,6,''),(1633,'陈昌富',3,11,'520111200910191831',1,'2022-06-26 21:06:29','20091019','2022-06-26 21:06:29',1,1,'','陈昌富20091019',53,6,''),(1634,'陈浩雄',3,11,'52011120100527181X',1,'2022-06-26 21:06:29','20100527','2022-06-26 21:06:29',1,1,'','陈浩雄20100527',53,6,''),(1635,'杨梦琪',3,11,'520111201003061827',2,'2022-06-26 21:06:29','20100306','2022-06-26 21:06:29',1,1,'','杨梦琪20100306',53,6,''),(1636,'郑双阳',3,11,'420683200911193148',2,'2022-06-26 21:06:29','20091119','2022-06-26 21:06:29',1,1,'','郑双阳20091119',53,6,''),(1637,'杨方浩烜',3,11,'520111201005071826',2,'2022-06-26 21:06:29','20100507','2022-06-26 21:06:29',1,1,'','杨方浩烜20100507',53,6,''),(1638,'杨方烜浩',3,11,'520111201005071818',1,'2022-06-26 21:06:29','20100507','2022-06-26 21:06:29',1,1,'','杨方烜浩20100507',53,6,''),(1639,'陈启雷',3,11,'520111201004131815',1,'2022-06-26 21:06:30','20100413','2022-06-26 21:06:30',1,1,'','陈启雷20100413',53,6,''),(1640,'张安国',3,11,'520111201008060073',1,'2022-06-26 21:06:30','20100806','2022-06-26 21:06:30',1,1,'','张安国20100806',53,6,''),(1641,'刘国凤',3,11,'520111200911041843',2,'2022-06-26 21:06:30','20091104','2022-06-26 21:06:30',1,1,'','刘国凤20091104',53,6,''),(1642,'刘秋雨',3,11,'520111200910231821',2,'2022-06-26 21:06:30','20091023','2022-06-26 21:06:30',1,1,'','刘秋雨20091023',53,6,''),(1643,'钱亭婷',3,11,'520111200909031822',2,'2022-06-26 21:06:30','20090903','2022-06-26 21:06:30',1,1,'','钱亭婷20090903',53,6,''),(1644,'周百安',3,11,'520111201007091839',1,'2022-06-26 21:06:30','20100709','2022-06-26 21:06:30',1,1,'','周百安20100709',53,6,''),(1645,'周佳仪',3,11,'520111201006201821',2,'2022-06-26 21:06:30','20100620','2022-06-26 21:06:30',1,1,'','周佳仪20100620',53,6,''),(1646,'熊静怡',3,11,'520111201005061847',2,'2022-06-26 21:06:30','20100506','2022-06-26 21:06:30',1,1,'','熊静怡20100506',53,6,''),(1647,'王章恒',3,11,'520111201007281819',1,'2022-06-26 21:06:30','20100728','2022-06-26 21:06:30',1,1,'','王章恒20100728',53,6,''),(1648,'陈跃炉',3,11,'520111201003201818',1,'2022-06-26 21:06:30','20100320','2022-06-26 21:06:30',1,1,'','陈跃炉20100320',53,6,''),(1649,'唐荣尉',3,11,'520111200910011837',1,'2022-06-26 21:06:30','20091001','2022-06-26 21:06:30',1,1,'','唐荣尉20091001',53,6,''),(1650,'周嘉琪',3,11,'520111201005120421',2,'2022-06-26 21:06:30','20100512','2022-06-26 21:06:30',1,1,'','周嘉琪20100512',53,6,''),(1651,'郭志远',3,11,'520111201004013616',2,'2022-06-26 21:06:30','20100401','2022-06-26 21:06:30',1,1,'','郭志远20100401',53,6,''),(1652,'缪宏森',3,11,'520103201007309316',1,'2022-06-26 21:06:30','20100730','2022-06-26 21:06:30',1,1,'','缪宏森20100730',53,6,''),(1653,'梁世成',3,11,'520425201006040110',1,'2022-06-26 21:06:30','20100604','2022-06-26 21:06:30',1,1,'','梁世成20100604',53,6,''),(1654,'彭明榕',3,12,'522727200908152425',2,'2022-06-26 21:06:30','20090815','2022-06-26 21:06:30',1,1,'','彭明榕20090815',53,6,''),(1655,'龙欣怡',3,11,'522622201007190069',2,'2022-06-26 21:06:30','20100719','2022-06-26 21:06:30',1,1,'','龙欣怡20100719',53,6,''),(1656,'肖安鑫',3,11,'522729201002160039',1,'2022-06-26 21:06:30','20100216','2022-06-26 21:06:30',1,1,'','肖安鑫20100216',53,6,''),(1657,'喻志豪',3,11,'522401201008125397',1,'2022-06-26 21:06:30','20100812','2022-06-26 21:06:30',1,1,'','喻志豪20100812',53,6,''),(1658,'陈思琪',3,11,'522423201008120084',2,'2022-06-26 21:06:30','20100812','2022-06-26 21:06:30',1,1,'','陈思琪20100812',53,6,''),(1659,'刘思博',3,11,'522422201001256556',1,'2022-06-26 21:06:30','20100125','2022-06-26 21:06:30',1,1,'','刘思博20100125',53,6,''),(1660,'段世博',3,11,'320382201007270510',1,'2022-06-26 21:06:30','20100727','2022-06-26 21:06:30',1,1,'','段世博20100727',53,6,''),(1661,'张俊杰',3,12,'522422200907220811',1,'2022-06-26 21:06:30','20090722','2022-06-26 21:06:30',1,1,'','张俊杰20090722',53,6,''),(1662,'周子程',3,11,'520111201007261818',1,'2022-06-26 21:06:30','20100726','2022-06-26 21:06:30',1,1,'','周子程20100726',54,6,''),(1663,'刘佳乐',3,11,'522423201005010138',1,'2022-06-26 21:06:30','20100501','2022-06-26 21:06:30',1,1,'','刘佳乐20100501',54,6,''),(1664,'彭妍妍',3,11,'520111201005021829',2,'2022-06-26 21:06:30','20100502','2022-06-26 21:06:30',1,1,'','彭妍妍20100502',54,6,''),(1665,'杨进辉',3,11,'520111201007051810',1,'2022-06-26 21:06:30','20100705','2022-06-26 21:06:30',1,1,'','杨进辉20100705',54,6,''),(1666,'罗正兵',3,11,'520111201005101810',1,'2022-06-26 21:06:30','20100510','2022-06-26 21:06:30',1,1,'','罗正兵20100510',54,6,''),(1667,'李佳霖',3,11,'520111200911021842',2,'2022-06-26 21:06:30','20091102','2022-06-26 21:06:30',1,1,'','李佳霖20091102',54,6,''),(1668,'罗正宇',3,12,'520111200908071814',1,'2022-06-26 21:06:30','20090807','2022-06-26 21:06:30',1,1,'','罗正宇20090807',54,6,''),(1669,'袁雨萱',3,11,'520111201008171849',2,'2022-06-26 21:06:30','20100817','2022-06-26 21:06:30',1,1,'','袁雨萱20100817',54,6,''),(1670,'帅宇欣',3,11,'520111200912011822',2,'2022-06-26 21:06:30','20091201','2022-06-26 21:06:30',1,1,'','帅宇欣20091201',54,6,''),(1671,'苟美林',3,11,'520111201002261827',2,'2022-06-26 21:06:30','20100226','2022-06-26 21:06:30',1,1,'','苟美林20100226',54,6,''),(1672,'杨家有',3,11,'520111200909251817',1,'2022-06-26 21:06:30','20090925','2022-06-26 21:06:30',1,1,'','杨家有20090925',54,6,''),(1673,'吴甜甜',3,11,'520111201007101849',2,'2022-06-26 21:06:30','20100710','2022-06-26 21:06:30',1,1,'','吴甜甜20100710',54,6,''),(1674,'汪玉浩',3,11,'520111200911211814',1,'2022-06-26 21:06:30','20091121','2022-06-26 21:06:30',1,1,'','汪玉浩20091121',54,6,''),(1675,'罗旭康',3,11,'520111201001161832',1,'2022-06-26 21:06:30','20100116','2022-06-26 21:06:30',1,1,'','罗旭康20100116',54,6,''),(1676,'肖颖馨',3,11,'520111201006211827',2,'2022-06-26 21:06:30','20100621','2022-06-26 21:06:30',1,1,'','肖颖馨20100621',54,6,''),(1677,'帅学东',3,11,'520111201007091855',1,'2022-06-26 21:06:30','20100709','2022-06-26 21:06:30',1,1,'','帅学东20100709',54,6,''),(1678,'郑孝源',3,11,'520111200909101819',1,'2022-06-26 21:06:30','20090910','2022-06-26 21:06:30',1,1,'','郑孝源20090910',54,6,''),(1679,'罗佳',3,11,'520111200910141826',2,'2022-06-26 21:06:30','20091014','2022-06-26 21:06:30',1,1,'','罗佳20091014',54,6,''),(1680,'王明海',3,11,'520111201001161816',1,'2022-06-26 21:06:30','20100116','2022-06-26 21:06:30',1,1,'','王明海20100116',54,6,''),(1681,'陈梓彬',3,11,'520111201008021824',2,'2022-06-26 21:06:30','20100802','2022-06-26 21:06:30',1,1,'','陈梓彬20100802',54,6,''),(1682,'班幸雯',3,11,'520111201007021822',2,'2022-06-26 21:06:30','20100702','2022-06-26 21:06:30',1,1,'','班幸雯20100702',54,6,''),(1683,'班仁志',3,11,'520111200910151813',1,'2022-06-26 21:06:30','20091015','2022-06-26 21:06:30',1,1,'','班仁志20091015',54,6,''),(1684,'钱淇霖',3,11,'520111200909051823',2,'2022-06-26 21:06:30','20090905','2022-06-26 21:06:30',1,1,'','钱淇霖20090905',54,6,''),(1685,'骆应荣',3,11,'520111201004191877',1,'2022-06-26 21:06:30','20100419','2022-06-26 21:06:30',1,1,'','骆应荣20100419',54,6,''),(1686,'王源',3,11,'52011120100425185X',1,'2022-06-26 21:06:30','20100425','2022-06-26 21:06:30',1,1,'','王源20100425',54,6,''),(1687,'周兰祥',3,11,'520111201006191811',1,'2022-06-26 21:06:30','20100619','2022-06-26 21:06:30',1,1,'','周兰祥20100619',54,6,''),(1688,'兰红财',3,11,'520111200910161819',1,'2022-06-26 21:06:30','20091016','2022-06-26 21:06:30',1,1,'','兰红财20091016',54,6,''),(1689,'郑智巧',3,11,'520111200912311825',2,'2022-06-26 21:06:30','20091231','2022-06-26 21:06:30',1,1,'','郑智巧20091231',54,6,''),(1690,'刘奕俊贤',3,11,'520111200910221818',1,'2022-06-26 21:06:30','20091022','2022-06-26 21:06:30',1,1,'','刘奕俊贤20091022',54,6,''),(1691,'刘发康',3,11,'520111200912061811',1,'2022-06-26 21:06:30','20091206','2022-06-26 21:06:30',1,1,'','刘发康20091206',54,6,''),(1692,'魏以春雪',3,11,'520111200909101827',2,'2022-06-26 21:06:30','20090910','2022-06-26 21:06:30',1,1,'','魏以春雪20090910',54,6,''),(1693,'苟朝精',3,11,'520111200912251818',1,'2022-06-26 21:06:30','20091225','2022-06-26 21:06:30',1,1,'','苟朝精20091225',54,6,''),(1694,'王朝美',3,11,'520111200910271823',2,'2022-06-26 21:06:30','20091027','2022-06-26 21:06:30',1,1,'','王朝美20091027',54,6,''),(1695,'王明明',3,11,'520111201007251839',1,'2022-06-26 21:06:30','20100725','2022-06-26 21:06:30',1,1,'','王明明20100725',54,6,''),(1696,'王庭金',3,12,'520111200901261818',1,'2022-06-26 21:06:30','20090126','2022-06-26 21:06:30',1,1,'','王庭金20090126',54,6,''),(1697,'王庭涛',3,11,'520111201008041817',1,'2022-06-26 21:06:30','20100804','2022-06-26 21:06:30',1,1,'','王庭涛20100804',54,6,''),(1698,'赵宇欣',3,11,'520111200910101824',2,'2022-06-26 21:06:30','20091010','2022-06-26 21:06:30',1,1,'','赵宇欣20091010',54,6,''),(1699,'赵登明',3,11,'520111201008301818',1,'2022-06-26 21:06:30','20100830','2022-06-26 21:06:30',1,1,'','赵登明20100830',54,6,''),(1700,'郭夕瑗',3,11,'520111200909030029',2,'2022-06-26 21:06:30','20090903','2022-06-26 21:06:30',1,1,'','郭夕瑗20090903',54,6,''),(1701,'陈欣钰',3,11,'520114201007101223',2,'2022-06-26 21:06:30','20100710','2022-06-26 21:06:30',1,1,'','陈欣钰20100710',54,6,''),(1702,'付城宇',3,11,'520114201002021216',1,'2022-06-26 21:06:30','20100202','2022-06-26 21:06:30',1,1,'','付城宇20100202',54,6,''),(1703,'肖琬研',3,11,'522422200912116525',2,'2022-06-26 21:06:30','20091211','2022-06-26 21:06:30',1,1,'','肖琬研20091211',54,6,''),(1704,'张欣怡',3,11,'522423200910090364',2,'2022-06-26 21:06:30','20091009','2022-06-26 21:06:30',1,1,'','张欣怡20091009',54,6,''),(1705,'柯欣怡',3,11,'522401200912010366',2,'2022-06-26 21:06:30','20091201','2022-06-26 21:06:30',1,1,'','柯欣怡20091201',54,6,''),(1706,'王争耀',3,11,'522702201006290156',1,'2022-06-26 21:06:30','20100629','2022-06-26 21:06:30',1,1,'','王争耀20100629',54,6,''),(1707,'闫亦菲',3,11,'411324201001293227',2,'2022-06-26 21:06:30','20100129','2022-06-26 21:06:30',1,1,'','闫亦菲20100129',54,6,''),(1708,'柏琳',3,11,'510921201003284363',2,'2022-06-26 21:06:30','20100328','2022-06-26 21:06:30',1,1,'','柏琳20100328',54,6,''),(1709,'黄俊磊',3,11,'360981201005125057',1,'2022-06-26 21:06:30','20100512','2022-06-26 21:06:30',1,1,'','黄俊磊20100512',54,6,''),(1710,'吴柏翰',3,11,'522425201005147735',1,'2022-06-26 21:06:30','20100514','2022-06-26 21:06:30',1,1,'','吴柏翰20100514',54,6,''),(1711,'王忠华',3,13,'520111200804291812',1,'2022-06-26 21:06:30','20080429','2022-06-26 21:06:30',1,1,'','王忠华20080429',55,6,''),(1712,'王中彪',3,11,'520111201003021817',1,'2022-06-26 21:06:30','20100302','2022-06-26 21:06:30',1,1,'','王中彪20100302',55,6,''),(1713,'杨家美',3,11,'520111200911221844',2,'2022-06-26 21:06:30','20091122','2022-06-26 21:06:30',1,1,'','杨家美20091122',55,6,''),(1714,'杨家兴',3,11,'520111200911221828',2,'2022-06-26 21:06:30','20091122','2022-06-26 21:06:30',1,1,'','杨家兴20091122',55,6,''),(1715,'王朝丽',3,11,'520111201001121822',2,'2022-06-26 21:06:30','20100112','2022-06-26 21:06:30',1,1,'','王朝丽20100112',55,6,''),(1716,'江李曜',3,11,'520114201006081216',1,'2022-06-26 21:06:30','20100608','2022-06-26 21:06:30',1,1,'','江李曜20100608',55,6,''),(1717,'罗应佳',3,11,'520111201005134524',2,'2022-06-26 21:06:30','20100513','2022-06-26 21:06:30',1,1,'','罗应佳20100513',55,6,''),(1718,'闵晨海',3,11,'520111200912271819',1,'2022-06-26 21:06:30','20091227','2022-06-26 21:06:30',1,1,'','闵晨海20091227',55,6,''),(1719,'罗祥锐',3,11,'52010220100627301X',1,'2022-06-26 21:06:30','20100627','2022-06-26 21:06:30',1,1,'','罗祥锐20100627',55,6,''),(1720,'林园红',3,11,'52273020091124007X',1,'2022-06-26 21:06:30','20091124','2022-06-26 21:06:30',1,1,'','林园红20091124',55,6,''),(1721,'任福全',3,11,'522730201003040018',1,'2022-06-26 21:06:30','20100304','2022-06-26 21:06:30',1,1,'','任福全20100304',55,6,''),(1722,'刘雯丽',3,12,'522730200904010022',2,'2022-06-26 21:06:30','20090401','2022-06-26 21:06:30',1,1,'','刘雯丽20090401',55,6,''),(1723,'林思怡',3,11,'522730201003130101',2,'2022-06-26 21:06:30','20100313','2022-06-26 21:06:30',1,1,'','林思怡20100313',55,6,''),(1724,'周良娣',3,11,'522730201007010043',2,'2022-06-26 21:06:30','20100701','2022-06-26 21:06:30',1,1,'','周良娣20100701',55,6,''),(1725,'李丽莎',3,11,'522423200910290104',2,'2022-06-26 21:06:30','20091029','2022-06-26 21:06:30',1,1,'','李丽莎20091029',55,6,''),(1726,'张腾月',3,11,'520323200910090041',2,'2022-06-26 21:06:30','20091009','2022-06-26 21:06:30',1,1,'','张腾月20091009',55,6,''),(1727,'周楚雪',3,11,'522723200910200101',2,'2022-06-26 21:06:30','20091020','2022-06-26 21:06:30',1,1,'','周楚雪20091020',55,6,''),(1728,'徐佳鑫',3,11,'520326201005280121',2,'2022-06-26 21:06:30','20100528','2022-06-26 21:06:30',1,1,'','徐佳鑫20100528',55,6,''),(1729,'李  通',3,12,'522323200908070035',1,'2022-06-26 21:06:30','20090807','2022-06-26 21:06:30',1,1,'','李  通20090807',55,6,''),(1730,'张恒耀',3,11,'522225200910020050',1,'2022-06-26 21:06:30','20091002','2022-06-26 21:06:30',1,1,'','张恒耀20091002',55,6,''),(1731,'刘龙平',3,11,'522730201005100061',2,'2022-06-26 21:06:30','20100510','2022-06-26 21:06:30',1,1,'','刘龙平20100510',55,6,''),(1732,'唐芷萱',3,11,'500222201004012841',2,'2022-06-26 21:06:31','20100401','2022-06-26 21:06:31',1,1,'','唐芷萱20100401',55,6,''),(1733,'张  轩',3,11,'522423201007020495',1,'2022-06-26 21:06:31','20100702','2022-06-26 21:06:31',1,1,'','张  轩20100702',55,6,''),(1734,'扶曦',3,11,'522224201007290044',2,'2022-06-26 21:06:31','20100729','2022-06-26 21:06:31',1,1,'','扶曦20100729',55,6,''),(1735,'刘玉麟',3,11,'522730200912080055',1,'2022-06-26 21:06:31','20091208','2022-06-26 21:06:31',1,1,'','刘玉麟20091208',55,6,''),(1736,'赵茂松',3,11,'522422200911306730',1,'2022-06-26 21:06:31','20091130','2022-06-26 21:06:31',1,1,'','赵茂松20091130',55,6,''),(1737,'邓玲玲',3,11,'522323200909230061',2,'2022-06-26 21:06:31','20090923','2022-06-26 21:06:31',1,1,'','邓玲玲20090923',55,6,''),(1738,'田海洋',3,11,'52273020100209011X',1,'2022-06-26 21:06:31','20100209','2022-06-26 21:06:31',1,1,'','田海洋20100209',55,6,''),(1739,'姚辰许',3,11,'522401201007105650',1,'2022-06-26 21:06:31','20100710','2022-06-26 21:06:31',1,1,'','姚辰许20100710',55,6,''),(1740,'汪俊',3,11,'522224201002040118',1,'2022-06-26 21:06:31','20100224','2022-06-26 21:06:31',1,1,'','汪俊20100204',55,6,''),(1741,'王亚楠',3,11,'532526201001031448',2,'2022-06-26 21:06:31','20100103','2022-06-26 21:06:31',1,1,'','王亚楠20100103',55,6,''),(1742,'李欣蓉',3,11,'411324200912123080',2,'2022-06-26 21:06:31','20091212','2022-06-26 21:06:31',1,1,'','李欣蓉20091212',55,6,''),(1743,'陈姿吟',3,12,'522423200907100082',2,'2022-06-26 21:06:31','20090710','2022-06-26 21:06:31',1,1,'','陈姿吟20090710',55,6,''),(1744,'娄方忆',3,11,'52010320100315672X',2,'2022-06-26 21:06:31','20100315','2022-06-26 21:06:31',1,1,'','娄方忆20100315',55,6,''),(1745,'刘心怡',3,11,'522424201005080044',2,'2022-06-26 21:06:31','20100508','2022-06-26 21:06:31',1,1,'','刘心怡20100508',55,6,''),(1746,'李文鑫',3,11,'522425200911206915',1,'2022-06-26 21:06:31','20091120','2022-06-26 21:06:31',1,1,'','李文鑫20091120',55,6,''),(1747,'刘雯',3,11,'431321201001070300',2,'2022-06-26 21:06:31','20100107','2022-06-26 21:06:31',1,1,'','刘雯20100107',55,6,''),(1748,'潘伟权',3,11,'440183201006194459',1,'2022-06-26 21:06:31','20100619','2022-06-26 21:06:31',1,1,'','潘伟权20100619',55,6,''),(1749,'李科晨',3,11,'410728201003060386',2,'2022-06-26 21:06:31','20100306','2022-06-26 21:06:31',1,1,'','李科晨20100306',55,6,''),(1750,'王芃霏',3,11,'411324200911262273',1,'2022-06-26 21:06:31','20091126','2022-06-26 21:06:31',1,1,'','王芃霏20091126',55,6,''),(1751,'马宇欣',3,11,'130530200912281046',2,'2022-06-26 21:06:31','20091228','2022-06-26 21:06:31',1,1,'','马宇欣20091228',55,6,''),(1752,'谢冰楠',3,11,'350583201008316640',2,'2022-06-26 21:06:31','20100831','2022-06-26 21:06:31',1,1,'','谢冰楠20100831',55,6,''),(1753,'王思涵',3,12,'411481200901260621',2,'2022-06-26 21:06:31','20090126','2022-06-26 21:06:31',1,1,'','王思涵20090126',55,6,''),(1754,'陈登欣',3,11,'520114201006111227',2,'2022-06-26 21:06:31','20100611','2022-06-26 21:06:31',1,1,'','陈登欣20100611',55,6,'');
/*!40000 ALTER TABLE `user` ENABLE KEYS */;
UNLOCK TABLES;

--
-- Table structure for table `user_application`
--

DROP TABLE IF EXISTS `user_application`;
/*!40101 SET @saved_cs_client     = @@character_set_client */;
/*!50503 SET character_set_client = utf8mb4 */;
CREATE TABLE `user_application` (
  `id` int(11) NOT NULL AUTO_INCREMENT,
  `user_name` varchar(100) DEFAULT NULL,
  `name` varchar(100) DEFAULT NULL,
  `age` int(11) DEFAULT NULL,
  `id_card` varchar(20) DEFAULT NULL,
  `gender` int(11) DEFAULT NULL,
  `create_time` datetime DEFAULT NULL,
  `password` varchar(20) DEFAULT NULL,
  `update_time` datetime DEFAULT NULL,
  `state` int(11) DEFAULT NULL,
  `auditor` int(11) DEFAULT NULL,
  `phone_number` varchar(20) DEFAULT NULL,
  `class` int(11) DEFAULT NULL,
  `grade` int(11) DEFAULT NULL,
  `card_num` varchar(20) DEFAULT NULL,
  `type` int(11) DEFAULT NULL,
  PRIMARY KEY (`id`),
  KEY `type` (`type`),
  KEY `grade` (`grade`),
  KEY `class` (`class`),
  CONSTRAINT `user_application_ibfk_1` FOREIGN KEY (`type`) REFERENCES `user_roll` (`id`),
  CONSTRAINT `user_application_ibfk_2` FOREIGN KEY (`grade`) REFERENCES `grade` (`id`),
  CONSTRAINT `user_application_ibfk_3` FOREIGN KEY (`class`) REFERENCES `class` (`id`)
) ENGINE=InnoDB AUTO_INCREMENT=33 DEFAULT CHARSET=utf8;
/*!40101 SET character_set_client = @saved_cs_client */;

--
-- Dumping data for table `user_application`
--

LOCK TABLES `user_application` WRITE;
/*!40000 ALTER TABLE `user_application` DISABLE KEYS */;
INSERT INTO `user_application` VALUES (24,'qky','权科元',10,'489156200006180789',1,'2022-03-06 14:45:32','123456','2022-03-06 14:45:32',1,1,'13884659947',41,5,'001256',3),(25,'gsh','高嵩滈',16,'584136200512280945',1,'2022-03-06 14:47:26','58429915870665','2022-03-06 14:47:26',1,1,'18166763747',59,6,'022554',3),(26,'chl','陈皓良',16,'594626588455520235',1,'2022-03-06 14:48:35','5646554466','2022-03-06 14:48:35',1,1,'13548267745',1,1,'0225655',3),(27,'cy','陈禹',10,'746258455212365623',2,'2022-03-06 14:49:24','56648461321','2022-03-06 14:49:24',1,1,'18466542259',34,4,'484455',3),(28,'jkf','景凯峰',14,'426521022987526543',1,'2022-03-06 14:50:16','7423665522','2022-03-06 14:50:16',1,1,'15866452357',16,2,'012565',3),(29,'xdy','许丹阳',11,'426870655412398520',2,'2022-03-06 14:51:08','123456','2022-03-06 14:51:08',1,1,'15644692457',22,3,'015564',2),(30,'lzh','刘子涵',13,'123545987556465',2,'2022-03-06 14:52:59','48894646','2022-03-06 14:52:59',-1,1,'19645234475',44,5,'022565',3),(31,'xzy','xzy',10,'5552644445544',1,'2022-03-06 15:44:43','123456','2022-03-06 15:44:43',0,0,'156484945564',1,1,'0115131',3),(32,'34人防34热风45f','23人法网日VR法',345,'威尔法34人防4r',2,'2022-04-29 14:15:38','3让','2022-04-29 14:15:38',-1,1,'2435放5方5分',36,4,'2而v4r',2);
/*!40000 ALTER TABLE `user_application` ENABLE KEYS */;
UNLOCK TABLES;

--
-- Table structure for table `user_roll`
--

DROP TABLE IF EXISTS `user_roll`;
/*!40101 SET @saved_cs_client     = @@character_set_client */;
/*!50503 SET character_set_client = utf8mb4 */;
CREATE TABLE `user_roll` (
  `id` int(11) NOT NULL AUTO_INCREMENT,
  `type` varchar(20) DEFAULT NULL,
  PRIMARY KEY (`id`)
) ENGINE=InnoDB AUTO_INCREMENT=4 DEFAULT CHARSET=utf8;
/*!40101 SET character_set_client = @saved_cs_client */;

--
-- Dumping data for table `user_roll`
--

LOCK TABLES `user_roll` WRITE;
/*!40000 ALTER TABLE `user_roll` DISABLE KEYS */;
INSERT INTO `user_roll` VALUES (1,'管理员'),(2,'教师'),(3,'学生');
/*!40000 ALTER TABLE `user_roll` ENABLE KEYS */;
UNLOCK TABLES;
/*!40103 SET TIME_ZONE=@OLD_TIME_ZONE */;

/*!40101 SET SQL_MODE=@OLD_SQL_MODE */;
/*!40014 SET FOREIGN_KEY_CHECKS=@OLD_FOREIGN_KEY_CHECKS */;
/*!40014 SET UNIQUE_CHECKS=@OLD_UNIQUE_CHECKS */;
/*!40101 SET CHARACTER_SET_CLIENT=@OLD_CHARACTER_SET_CLIENT */;
/*!40101 SET CHARACTER_SET_RESULTS=@OLD_CHARACTER_SET_RESULTS */;
/*!40101 SET COLLATION_CONNECTION=@OLD_COLLATION_CONNECTION */;
/*!40111 SET SQL_NOTES=@OLD_SQL_NOTES */;

-- Dump completed on 2022-07-12 11:27:54
